country,year,bacterium,antibiotic,n_isolates,pct_resistant
Austria,2012,Acinetobacter spp.,Aminoglycosides,,
Austria,2013,Acinetobacter spp.,Aminoglycosides,51.0,9.8
Austria,2014,Acinetobacter spp.,Aminoglycosides,79.0,8.860759999999999
Belgium,2012,Acinetobacter spp.,Aminoglycosides,,
Belgium,2013,Acinetobacter spp.,Aminoglycosides,3.0,
Belgium,2014,Acinetobacter spp.,Aminoglycosides,4.0,
Bulgaria,2012,Acinetobacter spp.,Aminoglycosides,65.0,58.5
Bulgaria,2013,Acinetobacter spp.,Aminoglycosides,91.0,58.2
Bulgaria,2014,Acinetobacter spp.,Aminoglycosides,99.0,63.63636
Croatia,2012,Acinetobacter spp.,Aminoglycosides,,
Croatia,2013,Acinetobacter spp.,Aminoglycosides,114.0,92.1
Croatia,2014,Acinetobacter spp.,Aminoglycosides,167.0,88.02395
Cyprus,2012,Acinetobacter spp.,Aminoglycosides,23.0,52.2
Cyprus,2013,Acinetobacter spp.,Aminoglycosides,33.0,60.6
Cyprus,2014,Acinetobacter spp.,Aminoglycosides,57.0,73.68421000000001
Czech Republic,2012,Acinetobacter spp.,Aminoglycosides,,
Czech Republic,2013,Acinetobacter spp.,Aminoglycosides,91.0,16.5
Czech Republic,2014,Acinetobacter spp.,Aminoglycosides,59.0,10.16949
Denmark,2012,Acinetobacter spp.,Aminoglycosides,77.0,10.4
Denmark,2013,Acinetobacter spp.,Aminoglycosides,75.0,1.3
Denmark,2014,Acinetobacter spp.,Aminoglycosides,60.0,1.6666699999999999
Finland,2012,Acinetobacter spp.,Aminoglycosides,,
Finland,2013,Acinetobacter spp.,Aminoglycosides,36.0,0.0
Finland,2014,Acinetobacter spp.,Aminoglycosides,31.0,3.2258099999999996
France,2012,Acinetobacter spp.,Aminoglycosides,278.0,12.9
France,2013,Acinetobacter spp.,Aminoglycosides,409.0,11.5
France,2014,Acinetobacter spp.,Aminoglycosides,409.0,8.55746
Germany,2012,Acinetobacter spp.,Aminoglycosides,119.0,5.9
Germany,2013,Acinetobacter spp.,Aminoglycosides,173.0,6.4
Germany,2014,Acinetobacter spp.,Aminoglycosides,197.0,4.06091
Greece,2012,Acinetobacter spp.,Aminoglycosides,1234.0,78.1
Greece,2013,Acinetobacter spp.,Aminoglycosides,814.0,88.5
Greece,2014,Acinetobacter spp.,Aminoglycosides,801.0,88.6392
Hungary,2012,Acinetobacter spp.,Aminoglycosides,407.0,68.8
Hungary,2013,Acinetobacter spp.,Aminoglycosides,475.0,69.5
Hungary,2014,Acinetobacter spp.,Aminoglycosides,444.0,63.51351
Iceland,2012,Acinetobacter spp.,Aminoglycosides,2.0,
Iceland,2013,Acinetobacter spp.,Aminoglycosides,0.0,
Iceland,2014,Acinetobacter spp.,Aminoglycosides,3.0,
Ireland,2012,Acinetobacter spp.,Aminoglycosides,,
Ireland,2013,Acinetobacter spp.,Aminoglycosides,88.0,1.1
Ireland,2014,Acinetobacter spp.,Aminoglycosides,89.0,2.24719
Italy,2012,Acinetobacter spp.,Aminoglycosides,,
Italy,2013,Acinetobacter spp.,Aminoglycosides,468.0,82.9
Italy,2014,Acinetobacter spp.,Aminoglycosides,449.0,89.08686
Latvia,2012,Acinetobacter spp.,Aminoglycosides,,
Latvia,2013,Acinetobacter spp.,Aminoglycosides,,
Latvia,2014,Acinetobacter spp.,Aminoglycosides,52.0,75.0
Lithuania,2012,Acinetobacter spp.,Aminoglycosides,,
Lithuania,2013,Acinetobacter spp.,Aminoglycosides,,
Lithuania,2014,Acinetobacter spp.,Aminoglycosides,66.0,86.36364
Luxembourg,2012,Acinetobacter spp.,Aminoglycosides,6.0,
Luxembourg,2013,Acinetobacter spp.,Aminoglycosides,3.0,
Luxembourg,2014,Acinetobacter spp.,Aminoglycosides,6.0,
Malta,2012,Acinetobacter spp.,Aminoglycosides,5.0,
Malta,2013,Acinetobacter spp.,Aminoglycosides,7.0,
Malta,2014,Acinetobacter spp.,Aminoglycosides,10.0,30.0
Netherlands,2012,Acinetobacter spp.,Aminoglycosides,59.0,1.7
Netherlands,2013,Acinetobacter spp.,Aminoglycosides,67.0,4.5
Netherlands,2014,Acinetobacter spp.,Aminoglycosides,73.0,5.47945
Norway,2012,Acinetobacter spp.,Aminoglycosides,25.0,4.0
Norway,2013,Acinetobacter spp.,Aminoglycosides,36.0,2.8
Norway,2014,Acinetobacter spp.,Aminoglycosides,33.0,3.0303
Poland,2012,Acinetobacter spp.,Aminoglycosides,205.0,63.4
Poland,2013,Acinetobacter spp.,Aminoglycosides,191.0,73.8
Poland,2014,Acinetobacter spp.,Aminoglycosides,,
Portugal,2012,Acinetobacter spp.,Aminoglycosides,169.0,65.1
Portugal,2013,Acinetobacter spp.,Aminoglycosides,231.0,56.3
Portugal,2014,Acinetobacter spp.,Aminoglycosides,265.0,42.26415
Romania,2012,Acinetobacter spp.,Aminoglycosides,54.0,57.4
Romania,2013,Acinetobacter spp.,Aminoglycosides,137.0,80.3
Romania,2014,Acinetobacter spp.,Aminoglycosides,122.0,77.86885
Slovakia,2012,Acinetobacter spp.,Aminoglycosides,,
Slovakia,2013,Acinetobacter spp.,Aminoglycosides,188.0,50.0
Slovakia,2014,Acinetobacter spp.,Aminoglycosides,171.0,41.520469999999996
Slovenia,2012,Acinetobacter spp.,Aminoglycosides,25.0,20.0
Slovenia,2013,Acinetobacter spp.,Aminoglycosides,25.0,20.0
Slovenia,2014,Acinetobacter spp.,Aminoglycosides,34.0,38.23529
Spain,2012,Acinetobacter spp.,Aminoglycosides,,
Spain,2013,Acinetobacter spp.,Aminoglycosides,77.0,68.4
Spain,2014,Acinetobacter spp.,Aminoglycosides,80.0,60.0
Sweden,2012,Acinetobacter spp.,Aminoglycosides,,
Sweden,2013,Acinetobacter spp.,Aminoglycosides,74.0,8.1
Sweden,2014,Acinetobacter spp.,Aminoglycosides,36.0,2.77778
United Kingdom,2012,Acinetobacter spp.,Aminoglycosides,108.0,2.8
United Kingdom,2013,Acinetobacter spp.,Aminoglycosides,163.0,2.5
United Kingdom,2014,Acinetobacter spp.,Aminoglycosides,129.0,10.07752
Austria,2012,Acinetobacter spp.,Carbapenems,,
Austria,2013,Acinetobacter spp.,Carbapenems,51.0,7.8
Austria,2014,Acinetobacter spp.,Carbapenems,78.0,6.410259999999999
Belgium,2012,Acinetobacter spp.,Carbapenems,,
Belgium,2013,Acinetobacter spp.,Carbapenems,3.0,
Belgium,2014,Acinetobacter spp.,Carbapenems,4.0,
Bulgaria,2012,Acinetobacter spp.,Carbapenems,58.0,60.3
Bulgaria,2013,Acinetobacter spp.,Carbapenems,89.0,59.6
Bulgaria,2014,Acinetobacter spp.,Carbapenems,110.0,59.090909999999994
Croatia,2012,Acinetobacter spp.,Carbapenems,,
Croatia,2013,Acinetobacter spp.,Carbapenems,114.0,89.5
Croatia,2014,Acinetobacter spp.,Carbapenems,166.0,87.3494
Cyprus,2012,Acinetobacter spp.,Carbapenems,23.0,56.5
Cyprus,2013,Acinetobacter spp.,Carbapenems,33.0,60.6
Cyprus,2014,Acinetobacter spp.,Carbapenems,58.0,77.58621
Czech Republic,2012,Acinetobacter spp.,Carbapenems,,
Czech Republic,2013,Acinetobacter spp.,Carbapenems,91.0,4.4
Czech Republic,2014,Acinetobacter spp.,Carbapenems,59.0,5.08475
Denmark,2012,Acinetobacter spp.,Carbapenems,64.0,9.4
Denmark,2013,Acinetobacter spp.,Carbapenems,61.0,1.6
Denmark,2014,Acinetobacter spp.,Carbapenems,62.0,1.6129
Finland,2012,Acinetobacter spp.,Carbapenems,,
Finland,2013,Acinetobacter spp.,Carbapenems,35.0,0.0
Finland,2014,Acinetobacter spp.,Carbapenems,32.0,3.125
France,2012,Acinetobacter spp.,Carbapenems,389.0,3.3
France,2013,Acinetobacter spp.,Carbapenems,406.0,5.9
France,2014,Acinetobacter spp.,Carbapenems,401.0,2.49377
Germany,2012,Acinetobacter spp.,Carbapenems,121.0,6.6
Germany,2013,Acinetobacter spp.,Carbapenems,173.0,9.2
Germany,2014,Acinetobacter spp.,Carbapenems,201.0,5.47264
Greece,2012,Acinetobacter spp.,Carbapenems,1254.0,87.8
Greece,2013,Acinetobacter spp.,Carbapenems,848.0,90.6
Greece,2014,Acinetobacter spp.,Carbapenems,841.0,93.22234999999999
Hungary,2012,Acinetobacter spp.,Carbapenems,418.0,48.1
Hungary,2013,Acinetobacter spp.,Carbapenems,481.0,50.1
Hungary,2014,Acinetobacter spp.,Carbapenems,443.0,44.46953
Iceland,2012,Acinetobacter spp.,Carbapenems,2.0,
Iceland,2013,Acinetobacter spp.,Carbapenems,0.0,
Iceland,2014,Acinetobacter spp.,Carbapenems,3.0,
Ireland,2012,Acinetobacter spp.,Carbapenems,,
Ireland,2013,Acinetobacter spp.,Carbapenems,85.0,2.4
Ireland,2014,Acinetobacter spp.,Carbapenems,79.0,1.26582
Italy,2012,Acinetobacter spp.,Carbapenems,,
Italy,2013,Acinetobacter spp.,Carbapenems,468.0,79.5
Italy,2014,Acinetobacter spp.,Carbapenems,476.0,89.91597
Latvia,2012,Acinetobacter spp.,Carbapenems,,
Latvia,2013,Acinetobacter spp.,Carbapenems,,
Latvia,2014,Acinetobacter spp.,Carbapenems,52.0,78.84615000000001
Lithuania,2012,Acinetobacter spp.,Carbapenems,,
Lithuania,2013,Acinetobacter spp.,Carbapenems,,
Lithuania,2014,Acinetobacter spp.,Carbapenems,66.0,69.69697000000001
Luxembourg,2012,Acinetobacter spp.,Carbapenems,5.0,
Luxembourg,2013,Acinetobacter spp.,Carbapenems,1.0,
Luxembourg,2014,Acinetobacter spp.,Carbapenems,6.0,
Malta,2012,Acinetobacter spp.,Carbapenems,6.0,
Malta,2013,Acinetobacter spp.,Carbapenems,7.0,
Malta,2014,Acinetobacter spp.,Carbapenems,10.0,10.0
Netherlands,2012,Acinetobacter spp.,Carbapenems,67.0,6.0
Netherlands,2013,Acinetobacter spp.,Carbapenems,65.0,1.5
Netherlands,2014,Acinetobacter spp.,Carbapenems,74.0,0.0
Norway,2012,Acinetobacter spp.,Carbapenems,25.0,0.0
Norway,2013,Acinetobacter spp.,Carbapenems,36.0,0.0
Norway,2014,Acinetobacter spp.,Carbapenems,34.0,2.9411799999999997
Poland,2012,Acinetobacter spp.,Carbapenems,209.0,38.3
Poland,2013,Acinetobacter spp.,Carbapenems,189.0,49.7
Poland,2014,Acinetobacter spp.,Carbapenems,,
Portugal,2012,Acinetobacter spp.,Carbapenems,168.0,79.2
Portugal,2013,Acinetobacter spp.,Carbapenems,229.0,69.0
Portugal,2014,Acinetobacter spp.,Carbapenems,262.0,53.053439999999995
Romania,2012,Acinetobacter spp.,Carbapenems,54.0,81.5
Romania,2013,Acinetobacter spp.,Carbapenems,137.0,85.4
Romania,2014,Acinetobacter spp.,Carbapenems,123.0,81.30081
Slovakia,2012,Acinetobacter spp.,Carbapenems,,
Slovakia,2013,Acinetobacter spp.,Carbapenems,142.0,45.8
Slovakia,2014,Acinetobacter spp.,Carbapenems,161.0,32.91925
Slovenia,2012,Acinetobacter spp.,Carbapenems,25.0,24.0
Slovenia,2013,Acinetobacter spp.,Carbapenems,25.0,24.0
Slovenia,2014,Acinetobacter spp.,Carbapenems,34.0,26.470589999999998
Spain,2012,Acinetobacter spp.,Carbapenems,,
Spain,2013,Acinetobacter spp.,Carbapenems,94.0,75.5
Spain,2014,Acinetobacter spp.,Carbapenems,78.0,65.38462
Sweden,2012,Acinetobacter spp.,Carbapenems,,
Sweden,2013,Acinetobacter spp.,Carbapenems,72.0,5.6
Sweden,2014,Acinetobacter spp.,Carbapenems,52.0,3.84615
United Kingdom,2012,Acinetobacter spp.,Carbapenems,80.0,2.5
United Kingdom,2013,Acinetobacter spp.,Carbapenems,149.0,2.0
United Kingdom,2014,Acinetobacter spp.,Carbapenems,120.0,1.6666699999999999
Austria,2012,Acinetobacter spp.,Combined resistance,,
Austria,2013,Acinetobacter spp.,Combined resistance,51.0,5.9
Austria,2014,Acinetobacter spp.,Combined resistance,74.0,2.7027
Belgium,2012,Acinetobacter spp.,Combined resistance,,
Belgium,2013,Acinetobacter spp.,Combined resistance,3.0,
Belgium,2014,Acinetobacter spp.,Combined resistance,4.0,
Bulgaria,2012,Acinetobacter spp.,Combined resistance,58.0,32.8
Bulgaria,2013,Acinetobacter spp.,Combined resistance,86.0,39.5
Bulgaria,2014,Acinetobacter spp.,Combined resistance,97.0,48.453610000000005
Croatia,2012,Acinetobacter spp.,Combined resistance,,
Croatia,2013,Acinetobacter spp.,Combined resistance,112.0,86.6
Croatia,2014,Acinetobacter spp.,Combined resistance,163.0,85.88957
Cyprus,2012,Acinetobacter spp.,Combined resistance,23.0,47.8
Cyprus,2013,Acinetobacter spp.,Combined resistance,33.0,60.6
Cyprus,2014,Acinetobacter spp.,Combined resistance,57.0,73.68421000000001
Czech Republic,2012,Acinetobacter spp.,Combined resistance,,
Czech Republic,2013,Acinetobacter spp.,Combined resistance,91.0,4.4
Czech Republic,2014,Acinetobacter spp.,Combined resistance,59.0,5.08475
Denmark,2012,Acinetobacter spp.,Combined resistance,58.0,8.6
Denmark,2013,Acinetobacter spp.,Combined resistance,57.0,1.8
Denmark,2014,Acinetobacter spp.,Combined resistance,49.0,0.0
Finland,2012,Acinetobacter spp.,Combined resistance,,
Finland,2013,Acinetobacter spp.,Combined resistance,34.0,0.0
Finland,2014,Acinetobacter spp.,Combined resistance,30.0,0.0
France,2012,Acinetobacter spp.,Combined resistance,272.0,4.0
France,2013,Acinetobacter spp.,Combined resistance,389.0,4.1
France,2014,Acinetobacter spp.,Combined resistance,391.0,1.53453
Germany,2012,Acinetobacter spp.,Combined resistance,119.0,4.2
Germany,2013,Acinetobacter spp.,Combined resistance,172.0,5.2
Germany,2014,Acinetobacter spp.,Combined resistance,188.0,2.12766
Greece,2012,Acinetobacter spp.,Combined resistance,1203.0,74.5
Greece,2013,Acinetobacter spp.,Combined resistance,810.0,85.2
Greece,2014,Acinetobacter spp.,Combined resistance,794.0,86.90176
Hungary,2012,Acinetobacter spp.,Combined resistance,394.0,41.6
Hungary,2013,Acinetobacter spp.,Combined resistance,466.0,48.7
Hungary,2014,Acinetobacter spp.,Combined resistance,438.0,42.00913
Iceland,2012,Acinetobacter spp.,Combined resistance,2.0,
Iceland,2013,Acinetobacter spp.,Combined resistance,0.0,
Iceland,2014,Acinetobacter spp.,Combined resistance,3.0,
Ireland,2012,Acinetobacter spp.,Combined resistance,,
Ireland,2013,Acinetobacter spp.,Combined resistance,84.0,0.0
Ireland,2014,Acinetobacter spp.,Combined resistance,79.0,1.26582
Italy,2012,Acinetobacter spp.,Combined resistance,,
Italy,2013,Acinetobacter spp.,Combined resistance,453.0,79.0
Italy,2014,Acinetobacter spp.,Combined resistance,439.0,86.78815
Latvia,2012,Acinetobacter spp.,Combined resistance,,
Latvia,2013,Acinetobacter spp.,Combined resistance,,
Latvia,2014,Acinetobacter spp.,Combined resistance,52.0,61.53845999999999
Lithuania,2012,Acinetobacter spp.,Combined resistance,,
Lithuania,2013,Acinetobacter spp.,Combined resistance,,
Lithuania,2014,Acinetobacter spp.,Combined resistance,66.0,66.66667
Luxembourg,2012,Acinetobacter spp.,Combined resistance,5.0,
Luxembourg,2013,Acinetobacter spp.,Combined resistance,1.0,
Luxembourg,2014,Acinetobacter spp.,Combined resistance,6.0,
Malta,2012,Acinetobacter spp.,Combined resistance,5.0,
Malta,2013,Acinetobacter spp.,Combined resistance,7.0,
Malta,2014,Acinetobacter spp.,Combined resistance,10.0,10.0
Netherlands,2012,Acinetobacter spp.,Combined resistance,10.0,0.0
Netherlands,2013,Acinetobacter spp.,Combined resistance,64.0,1.6
Netherlands,2014,Acinetobacter spp.,Combined resistance,69.0,0.0
Norway,2012,Acinetobacter spp.,Combined resistance,25.0,0.0
Norway,2013,Acinetobacter spp.,Combined resistance,36.0,0.0
Norway,2014,Acinetobacter spp.,Combined resistance,33.0,3.0303
Poland,2012,Acinetobacter spp.,Combined resistance,197.0,35.0
Poland,2013,Acinetobacter spp.,Combined resistance,184.0,46.7
Poland,2014,Acinetobacter spp.,Combined resistance,,
Portugal,2012,Acinetobacter spp.,Combined resistance,168.0,64.3
Portugal,2013,Acinetobacter spp.,Combined resistance,222.0,56.3
Portugal,2014,Acinetobacter spp.,Combined resistance,260.0,39.23077
Romania,2012,Acinetobacter spp.,Combined resistance,54.0,50.0
Romania,2013,Acinetobacter spp.,Combined resistance,137.0,74.5
Romania,2014,Acinetobacter spp.,Combined resistance,121.0,77.68595
Slovakia,2012,Acinetobacter spp.,Combined resistance,,
Slovakia,2013,Acinetobacter spp.,Combined resistance,142.0,31.7
Slovakia,2014,Acinetobacter spp.,Combined resistance,161.0,24.844720000000002
Slovenia,2012,Acinetobacter spp.,Combined resistance,25.0,12.0
Slovenia,2013,Acinetobacter spp.,Combined resistance,25.0,20.0
Slovenia,2014,Acinetobacter spp.,Combined resistance,34.0,26.470589999999998
Spain,2012,Acinetobacter spp.,Combined resistance,,
Spain,2013,Acinetobacter spp.,Combined resistance,70.0,70.0
Spain,2014,Acinetobacter spp.,Combined resistance,78.0,56.41026
Sweden,2012,Acinetobacter spp.,Combined resistance,,
Sweden,2013,Acinetobacter spp.,Combined resistance,71.0,5.6
Sweden,2014,Acinetobacter spp.,Combined resistance,36.0,2.77778
United Kingdom,2012,Acinetobacter spp.,Combined resistance,79.0,1.3
United Kingdom,2013,Acinetobacter spp.,Combined resistance,149.0,1.3
United Kingdom,2014,Acinetobacter spp.,Combined resistance,119.0,1.68067
Austria,2012,Acinetobacter spp.,Fluoroquinolones,,
Austria,2013,Acinetobacter spp.,Fluoroquinolones,51.0,21.6
Austria,2014,Acinetobacter spp.,Fluoroquinolones,75.0,5.33333
Belgium,2012,Acinetobacter spp.,Fluoroquinolones,,
Belgium,2013,Acinetobacter spp.,Fluoroquinolones,3.0,
Belgium,2014,Acinetobacter spp.,Fluoroquinolones,4.0,
Bulgaria,2012,Acinetobacter spp.,Fluoroquinolones,65.0,69.2
Bulgaria,2013,Acinetobacter spp.,Fluoroquinolones,94.0,70.2
Bulgaria,2014,Acinetobacter spp.,Fluoroquinolones,115.0,73.91304
Croatia,2012,Acinetobacter spp.,Fluoroquinolones,,
Croatia,2013,Acinetobacter spp.,Fluoroquinolones,112.0,92.9
Croatia,2014,Acinetobacter spp.,Fluoroquinolones,164.0,92.07317
Cyprus,2012,Acinetobacter spp.,Fluoroquinolones,23.0,56.5
Cyprus,2013,Acinetobacter spp.,Fluoroquinolones,33.0,60.6
Cyprus,2014,Acinetobacter spp.,Fluoroquinolones,58.0,77.58621
Czech Republic,2012,Acinetobacter spp.,Fluoroquinolones,,
Czech Republic,2013,Acinetobacter spp.,Fluoroquinolones,91.0,19.8
Czech Republic,2014,Acinetobacter spp.,Fluoroquinolones,59.0,15.25424
Denmark,2012,Acinetobacter spp.,Fluoroquinolones,83.0,12.0
Denmark,2013,Acinetobacter spp.,Fluoroquinolones,79.0,6.3
Denmark,2014,Acinetobacter spp.,Fluoroquinolones,69.0,2.89855
Finland,2012,Acinetobacter spp.,Fluoroquinolones,,
Finland,2013,Acinetobacter spp.,Fluoroquinolones,36.0,2.8
Finland,2014,Acinetobacter spp.,Fluoroquinolones,31.0,6.4516100000000005
France,2012,Acinetobacter spp.,Fluoroquinolones,385.0,15.6
France,2013,Acinetobacter spp.,Fluoroquinolones,397.0,13.6
France,2014,Acinetobacter spp.,Fluoroquinolones,395.0,11.89873
Germany,2012,Acinetobacter spp.,Fluoroquinolones,121.0,8.3
Germany,2013,Acinetobacter spp.,Fluoroquinolones,173.0,9.8
Germany,2014,Acinetobacter spp.,Fluoroquinolones,199.0,6.03015
Greece,2012,Acinetobacter spp.,Fluoroquinolones,1204.0,93.1
Greece,2013,Acinetobacter spp.,Fluoroquinolones,812.0,95.0
Greece,2014,Acinetobacter spp.,Fluoroquinolones,806.0,95.28536
Hungary,2012,Acinetobacter spp.,Fluoroquinolones,405.0,78.0
Hungary,2013,Acinetobacter spp.,Fluoroquinolones,472.0,73.5
Hungary,2014,Acinetobacter spp.,Fluoroquinolones,441.0,66.43991
Iceland,2012,Acinetobacter spp.,Fluoroquinolones,2.0,
Iceland,2013,Acinetobacter spp.,Fluoroquinolones,0.0,
Iceland,2014,Acinetobacter spp.,Fluoroquinolones,3.0,
Ireland,2012,Acinetobacter spp.,Fluoroquinolones,,
Ireland,2013,Acinetobacter spp.,Fluoroquinolones,88.0,1.1
Ireland,2014,Acinetobacter spp.,Fluoroquinolones,86.0,4.65116
Italy,2012,Acinetobacter spp.,Fluoroquinolones,,
Italy,2013,Acinetobacter spp.,Fluoroquinolones,472.0,83.1
Italy,2014,Acinetobacter spp.,Fluoroquinolones,468.0,92.09402
Latvia,2012,Acinetobacter spp.,Fluoroquinolones,,
Latvia,2013,Acinetobacter spp.,Fluoroquinolones,,
Latvia,2014,Acinetobacter spp.,Fluoroquinolones,52.0,88.46154
Lithuania,2012,Acinetobacter spp.,Fluoroquinolones,,
Lithuania,2013,Acinetobacter spp.,Fluoroquinolones,,
Lithuania,2014,Acinetobacter spp.,Fluoroquinolones,66.0,84.84848000000001
Luxembourg,2012,Acinetobacter spp.,Fluoroquinolones,6.0,
Luxembourg,2013,Acinetobacter spp.,Fluoroquinolones,3.0,
Luxembourg,2014,Acinetobacter spp.,Fluoroquinolones,6.0,
Malta,2012,Acinetobacter spp.,Fluoroquinolones,6.0,
Malta,2013,Acinetobacter spp.,Fluoroquinolones,7.0,
Malta,2014,Acinetobacter spp.,Fluoroquinolones,10.0,30.0
Netherlands,2012,Acinetobacter spp.,Fluoroquinolones,10.0,0.0
Netherlands,2013,Acinetobacter spp.,Fluoroquinolones,69.0,2.9
Netherlands,2014,Acinetobacter spp.,Fluoroquinolones,72.0,4.16667
Norway,2012,Acinetobacter spp.,Fluoroquinolones,25.0,0.0
Norway,2013,Acinetobacter spp.,Fluoroquinolones,36.0,0.0
Norway,2014,Acinetobacter spp.,Fluoroquinolones,34.0,5.88235
Poland,2012,Acinetobacter spp.,Fluoroquinolones,209.0,78.0
Poland,2013,Acinetobacter spp.,Fluoroquinolones,188.0,81.4
Poland,2014,Acinetobacter spp.,Fluoroquinolones,,
Portugal,2012,Acinetobacter spp.,Fluoroquinolones,168.0,77.4
Portugal,2013,Acinetobacter spp.,Fluoroquinolones,225.0,68.9
Portugal,2014,Acinetobacter spp.,Fluoroquinolones,264.0,52.65152
Romania,2012,Acinetobacter spp.,Fluoroquinolones,54.0,88.9
Romania,2013,Acinetobacter spp.,Fluoroquinolones,137.0,90.5
Romania,2014,Acinetobacter spp.,Fluoroquinolones,123.0,83.73984
Slovakia,2012,Acinetobacter spp.,Fluoroquinolones,,
Slovakia,2013,Acinetobacter spp.,Fluoroquinolones,188.0,58.5
Slovakia,2014,Acinetobacter spp.,Fluoroquinolones,170.0,51.76471
Slovenia,2012,Acinetobacter spp.,Fluoroquinolones,25.0,28.0
Slovenia,2013,Acinetobacter spp.,Fluoroquinolones,25.0,28.0
Slovenia,2014,Acinetobacter spp.,Fluoroquinolones,34.0,41.176469999999995
Spain,2012,Acinetobacter spp.,Fluoroquinolones,,
Spain,2013,Acinetobacter spp.,Fluoroquinolones,76.0,74.6
Spain,2014,Acinetobacter spp.,Fluoroquinolones,79.0,67.08861
Sweden,2012,Acinetobacter spp.,Fluoroquinolones,,
Sweden,2013,Acinetobacter spp.,Fluoroquinolones,74.0,5.4
Sweden,2014,Acinetobacter spp.,Fluoroquinolones,52.0,11.53846
United Kingdom,2012,Acinetobacter spp.,Fluoroquinolones,105.0,2.9
United Kingdom,2013,Acinetobacter spp.,Fluoroquinolones,165.0,3.6
United Kingdom,2014,Acinetobacter spp.,Fluoroquinolones,123.0,11.382109999999999
Austria,2010,Enterococcus faecalis,Aminoglycosides (HLR),312.0,32.1
Austria,2011,Enterococcus faecalis,Aminoglycosides (HLR),327.0,30.9
Austria,2012,Enterococcus faecalis,Aminoglycosides (HLR),425.0,29.2
Austria,2013,Enterococcus faecalis,Aminoglycosides (HLR),503.0,31.4
Austria,2014,Enterococcus faecalis,Aminoglycosides (HLR),421.0,37.1
Belgium,2010,Enterococcus faecalis,Aminoglycosides (HLR),187.0,18.2
Belgium,2011,Enterococcus faecalis,Aminoglycosides (HLR),335.0,18.2
Belgium,2012,Enterococcus faecalis,Aminoglycosides (HLR),395.0,24.6
Belgium,2013,Enterococcus faecalis,Aminoglycosides (HLR),398.0,27.6
Belgium,2014,Enterococcus faecalis,Aminoglycosides (HLR),170.0,22.9
Bulgaria,2010,Enterococcus faecalis,Aminoglycosides (HLR),76.0,40.8
Bulgaria,2011,Enterococcus faecalis,Aminoglycosides (HLR),62.0,30.6
Bulgaria,2012,Enterococcus faecalis,Aminoglycosides (HLR),78.0,38.5
Bulgaria,2013,Enterococcus faecalis,Aminoglycosides (HLR),102.0,47.1
Bulgaria,2014,Enterococcus faecalis,Aminoglycosides (HLR),105.0,40.0
Croatia,2010,Enterococcus faecalis,Aminoglycosides (HLR),123.0,30.1
Croatia,2011,Enterococcus faecalis,Aminoglycosides (HLR),139.0,34.5
Croatia,2012,Enterococcus faecalis,Aminoglycosides (HLR),152.0,37.5
Croatia,2013,Enterococcus faecalis,Aminoglycosides (HLR),167.0,34.7
Croatia,2014,Enterococcus faecalis,Aminoglycosides (HLR),149.0,32.9
Cyprus,2010,Enterococcus faecalis,Aminoglycosides (HLR),67.0,23.9
Cyprus,2011,Enterococcus faecalis,Aminoglycosides (HLR),54.0,18.5
Cyprus,2012,Enterococcus faecalis,Aminoglycosides (HLR),77.0,10.4
Cyprus,2013,Enterococcus faecalis,Aminoglycosides (HLR),67.0,26.9
Cyprus,2014,Enterococcus faecalis,Aminoglycosides (HLR),80.0,17.5
Czech Republic,2010,Enterococcus faecalis,Aminoglycosides (HLR),571.0,48.0
Czech Republic,2011,Enterococcus faecalis,Aminoglycosides (HLR),556.0,46.2
Czech Republic,2012,Enterococcus faecalis,Aminoglycosides (HLR),581.0,41.7
Czech Republic,2013,Enterococcus faecalis,Aminoglycosides (HLR),603.0,40.0
Czech Republic,2014,Enterococcus faecalis,Aminoglycosides (HLR),525.0,38.7
Denmark,2010,Enterococcus faecalis,Aminoglycosides (HLR),44.0,36.4
Denmark,2011,Enterococcus faecalis,Aminoglycosides (HLR),45.0,31.1
Denmark,2012,Enterococcus faecalis,Aminoglycosides (HLR),112.0,27.7
Denmark,2013,Enterococcus faecalis,Aminoglycosides (HLR),48.0,27.1
Denmark,2014,Enterococcus faecalis,Aminoglycosides (HLR),60.0,30.0
Estonia,2010,Enterococcus faecalis,Aminoglycosides (HLR),22.0,27.3
Estonia,2011,Enterococcus faecalis,Aminoglycosides (HLR),6.0,
Estonia,2012,Enterococcus faecalis,Aminoglycosides (HLR),19.0,42.1
Estonia,2013,Enterococcus faecalis,Aminoglycosides (HLR),10.0,20.0
Estonia,2014,Enterococcus faecalis,Aminoglycosides (HLR),19.0,36.8
France,2010,Enterococcus faecalis,Aminoglycosides (HLR),1409.0,17.7
France,2011,Enterococcus faecalis,Aminoglycosides (HLR),955.0,20.0
France,2012,Enterococcus faecalis,Aminoglycosides (HLR),1528.0,16.7
France,2013,Enterococcus faecalis,Aminoglycosides (HLR),1639.0,14.7
France,2014,Enterococcus faecalis,Aminoglycosides (HLR),1741.0,13.7
Germany,2010,Enterococcus faecalis,Aminoglycosides (HLR),457.0,46.8
Germany,2011,Enterococcus faecalis,Aminoglycosides (HLR),578.0,41.0
Germany,2012,Enterococcus faecalis,Aminoglycosides (HLR),680.0,35.6
Germany,2013,Enterococcus faecalis,Aminoglycosides (HLR),807.0,39.3
Germany,2014,Enterococcus faecalis,Aminoglycosides (HLR),903.0,33.6
Greece,2010,Enterococcus faecalis,Aminoglycosides (HLR),620.0,42.6
Greece,2011,Enterococcus faecalis,Aminoglycosides (HLR),653.0,37.4
Greece,2012,Enterococcus faecalis,Aminoglycosides (HLR),667.0,28.3
Greece,2013,Enterococcus faecalis,Aminoglycosides (HLR),548.0,23.5
Greece,2014,Enterococcus faecalis,Aminoglycosides (HLR),407.0,20.1
Hungary,2010,Enterococcus faecalis,Aminoglycosides (HLR),486.0,51.0
Hungary,2011,Enterococcus faecalis,Aminoglycosides (HLR),461.0,48.6
Hungary,2012,Enterococcus faecalis,Aminoglycosides (HLR),452.0,56.2
Hungary,2013,Enterococcus faecalis,Aminoglycosides (HLR),602.0,51.7
Hungary,2014,Enterococcus faecalis,Aminoglycosides (HLR),659.0,49.8
Iceland,2010,Enterococcus faecalis,Aminoglycosides (HLR),15.0,13.3
Iceland,2011,Enterococcus faecalis,Aminoglycosides (HLR),19.0,0.0
Iceland,2012,Enterococcus faecalis,Aminoglycosides (HLR),17.0,11.8
Iceland,2013,Enterococcus faecalis,Aminoglycosides (HLR),15.0,33.3
Iceland,2014,Enterococcus faecalis,Aminoglycosides (HLR),12.0,8.3
Ireland,2010,Enterococcus faecalis,Aminoglycosides (HLR),268.0,28.7
Ireland,2011,Enterococcus faecalis,Aminoglycosides (HLR),244.0,29.9
Ireland,2012,Enterococcus faecalis,Aminoglycosides (HLR),279.0,32.6
Ireland,2013,Enterococcus faecalis,Aminoglycosides (HLR),277.0,32.1
Ireland,2014,Enterococcus faecalis,Aminoglycosides (HLR),290.0,31.4
Italy,2010,Enterococcus faecalis,Aminoglycosides (HLR),380.0,49.7
Italy,2011,Enterococcus faecalis,Aminoglycosides (HLR),330.0,50.0
Italy,2012,Enterococcus faecalis,Aminoglycosides (HLR),301.0,50.8
Italy,2013,Enterococcus faecalis,Aminoglycosides (HLR),584.0,46.2
Italy,2014,Enterococcus faecalis,Aminoglycosides (HLR),515.0,55.3
Latvia,2010,Enterococcus faecalis,Aminoglycosides (HLR),38.0,47.4
Latvia,2011,Enterococcus faecalis,Aminoglycosides (HLR),34.0,26.5
Latvia,2012,Enterococcus faecalis,Aminoglycosides (HLR),55.0,29.1
Latvia,2013,Enterococcus faecalis,Aminoglycosides (HLR),54.0,61.1
Latvia,2014,Enterococcus faecalis,Aminoglycosides (HLR),13.0,46.2
Lithuania,2010,Enterococcus faecalis,Aminoglycosides (HLR),29.0,41.4
Lithuania,2011,Enterococcus faecalis,Aminoglycosides (HLR),48.0,43.8
Lithuania,2012,Enterococcus faecalis,Aminoglycosides (HLR),59.0,50.8
Lithuania,2013,Enterococcus faecalis,Aminoglycosides (HLR),44.0,54.5
Lithuania,2014,Enterococcus faecalis,Aminoglycosides (HLR),65.0,29.2
Luxembourg,2010,Enterococcus faecalis,Aminoglycosides (HLR),35.0,45.7
Luxembourg,2011,Enterococcus faecalis,Aminoglycosides (HLR),27.0,44.4
Luxembourg,2012,Enterococcus faecalis,Aminoglycosides (HLR),45.0,22.2
Luxembourg,2013,Enterococcus faecalis,Aminoglycosides (HLR),36.0,27.8
Luxembourg,2014,Enterococcus faecalis,Aminoglycosides (HLR),39.0,30.8
Netherlands,2010,Enterococcus faecalis,Aminoglycosides (HLR),298.0,33.6
Netherlands,2011,Enterococcus faecalis,Aminoglycosides (HLR),363.0,33.3
Netherlands,2012,Enterococcus faecalis,Aminoglycosides (HLR),287.0,30.7
Netherlands,2013,Enterococcus faecalis,Aminoglycosides (HLR),279.0,26.9
Netherlands,2014,Enterococcus faecalis,Aminoglycosides (HLR),403.0,28.8
Norway,2010,Enterococcus faecalis,Aminoglycosides (HLR),218.0,33.9
Norway,2011,Enterococcus faecalis,Aminoglycosides (HLR),115.0,21.7
Norway,2012,Enterococcus faecalis,Aminoglycosides (HLR),123.0,30.1
Norway,2013,Enterococcus faecalis,Aminoglycosides (HLR),168.0,26.8
Norway,2014,Enterococcus faecalis,Aminoglycosides (HLR),270.0,20.7
Poland,2010,Enterococcus faecalis,Aminoglycosides (HLR),158.0,36.1
Poland,2011,Enterococcus faecalis,Aminoglycosides (HLR),190.0,48.4
Poland,2012,Enterococcus faecalis,Aminoglycosides (HLR),122.0,45.9
Poland,2013,Enterococcus faecalis,Aminoglycosides (HLR),184.0,45.1
Poland,2014,Enterococcus faecalis,Aminoglycosides (HLR),,
Portugal,2010,Enterococcus faecalis,Aminoglycosides (HLR),379.0,39.1
Portugal,2011,Enterococcus faecalis,Aminoglycosides (HLR),403.0,29.8
Portugal,2012,Enterococcus faecalis,Aminoglycosides (HLR),347.0,42.9
Portugal,2013,Enterococcus faecalis,Aminoglycosides (HLR),545.0,37.2
Portugal,2014,Enterococcus faecalis,Aminoglycosides (HLR),607.0,32.6
Romania,2010,Enterococcus faecalis,Aminoglycosides (HLR),,
Romania,2011,Enterococcus faecalis,Aminoglycosides (HLR),,
Romania,2012,Enterococcus faecalis,Aminoglycosides (HLR),51.0,56.9
Romania,2013,Enterococcus faecalis,Aminoglycosides (HLR),80.0,58.8
Romania,2014,Enterococcus faecalis,Aminoglycosides (HLR),34.0,76.5
Slovakia,2010,Enterococcus faecalis,Aminoglycosides (HLR),,
Slovakia,2011,Enterococcus faecalis,Aminoglycosides (HLR),189.0,49.7
Slovakia,2012,Enterococcus faecalis,Aminoglycosides (HLR),179.0,50.3
Slovakia,2013,Enterococcus faecalis,Aminoglycosides (HLR),209.0,57.4
Slovakia,2014,Enterococcus faecalis,Aminoglycosides (HLR),261.0,41.0
Slovenia,2010,Enterococcus faecalis,Aminoglycosides (HLR),137.0,43.1
Slovenia,2011,Enterococcus faecalis,Aminoglycosides (HLR),125.0,36.0
Slovenia,2012,Enterococcus faecalis,Aminoglycosides (HLR),129.0,34.9
Slovenia,2013,Enterococcus faecalis,Aminoglycosides (HLR),146.0,32.2
Slovenia,2014,Enterococcus faecalis,Aminoglycosides (HLR),119.0,36.1
Spain,2010,Enterococcus faecalis,Aminoglycosides (HLR),959.0,40.8
Spain,2011,Enterococcus faecalis,Aminoglycosides (HLR),917.0,39.3
Spain,2012,Enterococcus faecalis,Aminoglycosides (HLR),878.0,38.3
Spain,2013,Enterococcus faecalis,Aminoglycosides (HLR),899.0,42.6
Spain,2014,Enterococcus faecalis,Aminoglycosides (HLR),970.0,38.9
Sweden,2010,Enterococcus faecalis,Aminoglycosides (HLR),533.0,15.2
Sweden,2011,Enterococcus faecalis,Aminoglycosides (HLR),890.0,19.3
Sweden,2012,Enterococcus faecalis,Aminoglycosides (HLR),792.0,14.8
Sweden,2013,Enterococcus faecalis,Aminoglycosides (HLR),605.0,16.4
Sweden,2014,Enterococcus faecalis,Aminoglycosides (HLR),723.0,15.8
United Kingdom,2010,Enterococcus faecalis,Aminoglycosides (HLR),61.0,39.3
United Kingdom,2011,Enterococcus faecalis,Aminoglycosides (HLR),75.0,16.0
United Kingdom,2012,Enterococcus faecalis,Aminoglycosides (HLR),135.0,29.6
United Kingdom,2013,Enterococcus faecalis,Aminoglycosides (HLR),136.0,30.9
United Kingdom,2014,Enterococcus faecalis,Aminoglycosides (HLR),,
Austria,2010,Enterococcus faecium,Vancomycin,354.0,4.0
Austria,2011,Enterococcus faecium,Vancomycin,354.0,4.5
Austria,2012,Enterococcus faecium,Vancomycin,376.0,3.2
Austria,2013,Enterococcus faecium,Vancomycin,437.0,5.9
Austria,2014,Enterococcus faecium,Vancomycin,480.0,4.4
Belgium,2010,Enterococcus faecium,Vancomycin,79.0,2.5
Belgium,2011,Enterococcus faecium,Vancomycin,215.0,7.0
Belgium,2012,Enterococcus faecium,Vancomycin,212.0,1.4
Belgium,2013,Enterococcus faecium,Vancomycin,235.0,1.7
Belgium,2014,Enterococcus faecium,Vancomycin,195.0,3.1
Bulgaria,2010,Enterococcus faecium,Vancomycin,23.0,0.0
Bulgaria,2011,Enterococcus faecium,Vancomycin,39.0,0.0
Bulgaria,2012,Enterococcus faecium,Vancomycin,42.0,0.0
Bulgaria,2013,Enterococcus faecium,Vancomycin,44.0,2.3
Bulgaria,2014,Enterococcus faecium,Vancomycin,60.0,13.3
Croatia,2010,Enterococcus faecium,Vancomycin,49.0,10.2
Croatia,2011,Enterococcus faecium,Vancomycin,57.0,1.8
Croatia,2012,Enterococcus faecium,Vancomycin,60.0,0.0
Croatia,2013,Enterococcus faecium,Vancomycin,74.0,6.8
Croatia,2014,Enterococcus faecium,Vancomycin,67.0,10.4
Cyprus,2010,Enterococcus faecium,Vancomycin,23.0,0.0
Cyprus,2011,Enterococcus faecium,Vancomycin,17.0,0.0
Cyprus,2012,Enterococcus faecium,Vancomycin,29.0,10.3
Cyprus,2013,Enterococcus faecium,Vancomycin,30.0,23.3
Cyprus,2014,Enterococcus faecium,Vancomycin,35.0,40.0
Czech Republic,2010,Enterococcus faecium,Vancomycin,188.0,4.8
Czech Republic,2011,Enterococcus faecium,Vancomycin,211.0,7.6
Czech Republic,2012,Enterococcus faecium,Vancomycin,262.0,11.5
Czech Republic,2013,Enterococcus faecium,Vancomycin,268.0,9.0
Czech Republic,2014,Enterococcus faecium,Vancomycin,250.0,4.4
Denmark,2010,Enterococcus faecium,Vancomycin,501.0,1.8
Denmark,2011,Enterococcus faecium,Vancomycin,615.0,1.3
Denmark,2012,Enterococcus faecium,Vancomycin,593.0,2.0
Denmark,2013,Enterococcus faecium,Vancomycin,644.0,3.4
Denmark,2014,Enterococcus faecium,Vancomycin,715.0,4.5
Estonia,2010,Enterococcus faecium,Vancomycin,23.0,0.0
Estonia,2011,Enterococcus faecium,Vancomycin,4.0,
Estonia,2012,Enterococcus faecium,Vancomycin,40.0,0.0
Estonia,2013,Enterococcus faecium,Vancomycin,40.0,0.0
Estonia,2014,Enterococcus faecium,Vancomycin,48.0,0.0
Finland,2010,Enterococcus faecium,Vancomycin,239.0,0.0
Finland,2011,Enterococcus faecium,Vancomycin,212.0,0.9
Finland,2012,Enterococcus faecium,Vancomycin,274.0,0.7
Finland,2013,Enterococcus faecium,Vancomycin,302.0,0.3
Finland,2014,Enterococcus faecium,Vancomycin,368.0,0.0
France,2010,Enterococcus faecium,Vancomycin,540.0,1.1
France,2011,Enterococcus faecium,Vancomycin,569.0,1.4
France,2012,Enterococcus faecium,Vancomycin,614.0,0.8
France,2013,Enterococcus faecium,Vancomycin,733.0,0.1
France,2014,Enterococcus faecium,Vancomycin,737.0,0.5
Germany,2010,Enterococcus faecium,Vancomycin,437.0,8.5
Germany,2011,Enterococcus faecium,Vancomycin,535.0,11.4
Germany,2012,Enterococcus faecium,Vancomycin,647.0,16.2
Germany,2013,Enterococcus faecium,Vancomycin,826.0,14.5
Germany,2014,Enterococcus faecium,Vancomycin,882.0,9.1
Greece,2010,Enterococcus faecium,Vancomycin,435.0,22.5
Greece,2011,Enterococcus faecium,Vancomycin,424.0,23.1
Greece,2012,Enterococcus faecium,Vancomycin,418.0,17.2
Greece,2013,Enterococcus faecium,Vancomycin,345.0,21.2
Greece,2014,Enterococcus faecium,Vancomycin,264.0,26.9
Hungary,2010,Enterococcus faecium,Vancomycin,105.0,1.9
Hungary,2011,Enterococcus faecium,Vancomycin,120.0,0.8
Hungary,2012,Enterococcus faecium,Vancomycin,142.0,3.5
Hungary,2013,Enterococcus faecium,Vancomycin,210.0,7.1
Hungary,2014,Enterococcus faecium,Vancomycin,224.0,8.5
Iceland,2010,Enterococcus faecium,Vancomycin,16.0,6.3
Iceland,2011,Enterococcus faecium,Vancomycin,13.0,0.0
Iceland,2012,Enterococcus faecium,Vancomycin,12.0,0.0
Iceland,2013,Enterococcus faecium,Vancomycin,17.0,5.9
Iceland,2014,Enterococcus faecium,Vancomycin,11.0,0.0
Ireland,2010,Enterococcus faecium,Vancomycin,382.0,38.7
Ireland,2011,Enterococcus faecium,Vancomycin,347.0,34.9
Ireland,2012,Enterococcus faecium,Vancomycin,386.0,44.0
Ireland,2013,Enterococcus faecium,Vancomycin,398.0,42.7
Ireland,2014,Enterococcus faecium,Vancomycin,390.0,45.1
Italy,2010,Enterococcus faecium,Vancomycin,412.0,3.9
Italy,2011,Enterococcus faecium,Vancomycin,236.0,4.2
Italy,2012,Enterococcus faecium,Vancomycin,435.0,6.0
Italy,2013,Enterococcus faecium,Vancomycin,565.0,4.4
Italy,2014,Enterococcus faecium,Vancomycin,472.0,8.5
Latvia,2010,Enterococcus faecium,Vancomycin,23.0,13.0
Latvia,2011,Enterococcus faecium,Vancomycin,22.0,9.1
Latvia,2012,Enterococcus faecium,Vancomycin,18.0,5.6
Latvia,2013,Enterococcus faecium,Vancomycin,25.0,12.0
Latvia,2014,Enterococcus faecium,Vancomycin,15.0,13.3
Lithuania,2010,Enterococcus faecium,Vancomycin,24.0,8.3
Lithuania,2011,Enterococcus faecium,Vancomycin,26.0,7.7
Lithuania,2012,Enterococcus faecium,Vancomycin,36.0,5.6
Lithuania,2013,Enterococcus faecium,Vancomycin,25.0,0.0
Lithuania,2014,Enterococcus faecium,Vancomycin,44.0,4.5
Luxembourg,2010,Enterococcus faecium,Vancomycin,22.0,31.8
Luxembourg,2011,Enterococcus faecium,Vancomycin,24.0,4.2
Luxembourg,2012,Enterococcus faecium,Vancomycin,20.0,0.0
Luxembourg,2013,Enterococcus faecium,Vancomycin,19.0,5.3
Luxembourg,2014,Enterococcus faecium,Vancomycin,31.0,3.2
Malta,2010,Enterococcus faecium,Vancomycin,12.0,0.0
Malta,2011,Enterococcus faecium,Vancomycin,14.0,0.0
Malta,2012,Enterococcus faecium,Vancomycin,6.0,
Malta,2013,Enterococcus faecium,Vancomycin,10.0,0.0
Malta,2014,Enterococcus faecium,Vancomycin,11.0,0.0
Netherlands,2010,Enterococcus faecium,Vancomycin,365.0,0.5
Netherlands,2011,Enterococcus faecium,Vancomycin,481.0,1.0
Netherlands,2012,Enterococcus faecium,Vancomycin,484.0,0.0
Netherlands,2013,Enterococcus faecium,Vancomycin,439.0,0.5
Netherlands,2014,Enterococcus faecium,Vancomycin,532.0,1.1
Norway,2010,Enterococcus faecium,Vancomycin,135.0,1.5
Norway,2011,Enterococcus faecium,Vancomycin,165.0,1.8
Norway,2012,Enterococcus faecium,Vancomycin,168.0,0.6
Norway,2013,Enterococcus faecium,Vancomycin,211.0,2.4
Norway,2014,Enterococcus faecium,Vancomycin,227.0,1.8
Poland,2010,Enterococcus faecium,Vancomycin,102.0,7.8
Poland,2011,Enterococcus faecium,Vancomycin,202.0,8.4
Poland,2012,Enterococcus faecium,Vancomycin,157.0,8.3
Poland,2013,Enterococcus faecium,Vancomycin,173.0,12.7
Poland,2014,Enterococcus faecium,Vancomycin,,
Portugal,2010,Enterococcus faecium,Vancomycin,188.0,23.4
Portugal,2011,Enterococcus faecium,Vancomycin,208.0,20.2
Portugal,2012,Enterococcus faecium,Vancomycin,257.0,23.3
Portugal,2013,Enterococcus faecium,Vancomycin,350.0,22.0
Portugal,2014,Enterococcus faecium,Vancomycin,363.0,20.1
Romania,2010,Enterococcus faecium,Vancomycin,10.0,0.0
Romania,2011,Enterococcus faecium,Vancomycin,12.0,0.0
Romania,2012,Enterococcus faecium,Vancomycin,34.0,2.9
Romania,2013,Enterococcus faecium,Vancomycin,54.0,11.1
Romania,2014,Enterococcus faecium,Vancomycin,56.0,25.0
Slovakia,2010,Enterococcus faecium,Vancomycin,,
Slovakia,2011,Enterococcus faecium,Vancomycin,103.0,3.9
Slovakia,2012,Enterococcus faecium,Vancomycin,82.0,4.9
Slovakia,2013,Enterococcus faecium,Vancomycin,132.0,7.6
Slovakia,2014,Enterococcus faecium,Vancomycin,129.0,10.1
Slovenia,2010,Enterococcus faecium,Vancomycin,59.0,1.7
Slovenia,2011,Enterococcus faecium,Vancomycin,83.0,0.0
Slovenia,2012,Enterococcus faecium,Vancomycin,95.0,0.0
Slovenia,2013,Enterococcus faecium,Vancomycin,102.0,1.0
Slovenia,2014,Enterococcus faecium,Vancomycin,115.0,1.7
Spain,2010,Enterococcus faecium,Vancomycin,471.0,1.5
Spain,2011,Enterococcus faecium,Vancomycin,542.0,1.5
Spain,2012,Enterococcus faecium,Vancomycin,537.0,1.5
Spain,2013,Enterococcus faecium,Vancomycin,553.0,0.9
Spain,2014,Enterococcus faecium,Vancomycin,546.0,2.4
Sweden,2010,Enterococcus faecium,Vancomycin,293.0,0.0
Sweden,2011,Enterococcus faecium,Vancomycin,461.0,0.0
Sweden,2012,Enterococcus faecium,Vancomycin,404.0,0.0
Sweden,2013,Enterococcus faecium,Vancomycin,575.0,0.0
Sweden,2014,Enterococcus faecium,Vancomycin,452.0,0.4
United Kingdom,2010,Enterococcus faecium,Vancomycin,250.0,10.4
United Kingdom,2011,Enterococcus faecium,Vancomycin,302.0,8.9
United Kingdom,2012,Enterococcus faecium,Vancomycin,362.0,13.3
United Kingdom,2013,Enterococcus faecium,Vancomycin,442.0,23.3
United Kingdom,2014,Enterococcus faecium,Vancomycin,423.0,21.3
Austria,2010,Escherichia coli,3rd-gen cephalosporins,2922.0,7.3
Austria,2011,Escherichia coli,3rd-gen cephalosporins,3160.0,9.1
Austria,2012,Escherichia coli,3rd-gen cephalosporins,3710.0,8.7
Austria,2013,Escherichia coli,3rd-gen cephalosporins,4376.0,9.8
Austria,2014,Escherichia coli,3rd-gen cephalosporins,4739.0,9.4
Belgium,2010,Escherichia coli,3rd-gen cephalosporins,1952.0,5.2
Belgium,2011,Escherichia coli,3rd-gen cephalosporins,3985.0,6.0
Belgium,2012,Escherichia coli,3rd-gen cephalosporins,4097.0,6.9
Belgium,2013,Escherichia coli,3rd-gen cephalosporins,4051.0,8.0
Belgium,2014,Escherichia coli,3rd-gen cephalosporins,2802.0,9.7
Bulgaria,2010,Escherichia coli,3rd-gen cephalosporins,153.0,24.8
Bulgaria,2011,Escherichia coli,3rd-gen cephalosporins,179.0,22.9
Bulgaria,2012,Escherichia coli,3rd-gen cephalosporins,223.0,38.1
Bulgaria,2013,Escherichia coli,3rd-gen cephalosporins,187.0,39.6
Bulgaria,2014,Escherichia coli,3rd-gen cephalosporins,218.0,40.4
Croatia,2010,Escherichia coli,3rd-gen cephalosporins,882.0,8.7
Croatia,2011,Escherichia coli,3rd-gen cephalosporins,983.0,9.6
Croatia,2012,Escherichia coli,3rd-gen cephalosporins,906.0,7.5
Croatia,2013,Escherichia coli,3rd-gen cephalosporins,1040.0,8.8
Croatia,2014,Escherichia coli,3rd-gen cephalosporins,1079.0,10.8
Cyprus,2010,Escherichia coli,3rd-gen cephalosporins,139.0,20.1
Cyprus,2011,Escherichia coli,3rd-gen cephalosporins,138.0,36.2
Cyprus,2012,Escherichia coli,3rd-gen cephalosporins,176.0,31.8
Cyprus,2013,Escherichia coli,3rd-gen cephalosporins,162.0,38.9
Cyprus,2014,Escherichia coli,3rd-gen cephalosporins,153.0,28.8
Czech Republic,2010,Escherichia coli,3rd-gen cephalosporins,2482.0,10.4
Czech Republic,2011,Escherichia coli,3rd-gen cephalosporins,2684.0,11.4
Czech Republic,2012,Escherichia coli,3rd-gen cephalosporins,2812.0,11.5
Czech Republic,2013,Escherichia coli,3rd-gen cephalosporins,2954.0,13.1
Czech Republic,2014,Escherichia coli,3rd-gen cephalosporins,2978.0,14.0
Denmark,2010,Escherichia coli,3rd-gen cephalosporins,2408.0,7.6
Denmark,2011,Escherichia coli,3rd-gen cephalosporins,2532.0,8.5
Denmark,2012,Escherichia coli,3rd-gen cephalosporins,2519.0,7.9
Denmark,2013,Escherichia coli,3rd-gen cephalosporins,2451.0,8.1
Denmark,2014,Escherichia coli,3rd-gen cephalosporins,4410.0,7.0
Estonia,2010,Escherichia coli,3rd-gen cephalosporins,309.0,5.5
Estonia,2011,Escherichia coli,3rd-gen cephalosporins,90.0,12.2
Estonia,2012,Escherichia coli,3rd-gen cephalosporins,305.0,7.9
Estonia,2013,Escherichia coli,3rd-gen cephalosporins,340.0,7.4
Estonia,2014,Escherichia coli,3rd-gen cephalosporins,410.0,9.3
Finland,2010,Escherichia coli,3rd-gen cephalosporins,2509.0,3.7
Finland,2011,Escherichia coli,3rd-gen cephalosporins,3020.0,5.0
Finland,2012,Escherichia coli,3rd-gen cephalosporins,3162.0,6.2
Finland,2013,Escherichia coli,3rd-gen cephalosporins,3689.0,7.1
Finland,2014,Escherichia coli,3rd-gen cephalosporins,4009.0,5.5
France,2010,Escherichia coli,3rd-gen cephalosporins,9022.0,7.2
France,2011,Escherichia coli,3rd-gen cephalosporins,8479.0,8.2
France,2012,Escherichia coli,3rd-gen cephalosporins,9563.0,10.0
France,2013,Escherichia coli,3rd-gen cephalosporins,10154.0,9.5
France,2014,Escherichia coli,3rd-gen cephalosporins,10349.0,9.9
Germany,2010,Escherichia coli,3rd-gen cephalosporins,3015.0,8.4
Germany,2011,Escherichia coli,3rd-gen cephalosporins,3642.0,8.0
Germany,2012,Escherichia coli,3rd-gen cephalosporins,4186.0,8.8
Germany,2013,Escherichia coli,3rd-gen cephalosporins,5249.0,10.8
Germany,2014,Escherichia coli,3rd-gen cephalosporins,6246.0,10.5
Greece,2010,Escherichia coli,3rd-gen cephalosporins,1507.0,14.2
Greece,2011,Escherichia coli,3rd-gen cephalosporins,1435.0,14.9
Greece,2012,Escherichia coli,3rd-gen cephalosporins,1393.0,16.2
Greece,2013,Escherichia coli,3rd-gen cephalosporins,1255.0,17.2
Greece,2014,Escherichia coli,3rd-gen cephalosporins,1122.0,21.0
Hungary,2010,Escherichia coli,3rd-gen cephalosporins,1383.0,19.5
Hungary,2011,Escherichia coli,3rd-gen cephalosporins,1224.0,15.1
Hungary,2012,Escherichia coli,3rd-gen cephalosporins,1411.0,17.4
Hungary,2013,Escherichia coli,3rd-gen cephalosporins,1437.0,18.9
Hungary,2014,Escherichia coli,3rd-gen cephalosporins,1619.0,16.4
Iceland,2010,Escherichia coli,3rd-gen cephalosporins,104.0,3.8
Iceland,2011,Escherichia coli,3rd-gen cephalosporins,130.0,6.2
Iceland,2012,Escherichia coli,3rd-gen cephalosporins,138.0,5.1
Iceland,2013,Escherichia coli,3rd-gen cephalosporins,121.0,5.0
Iceland,2014,Escherichia coli,3rd-gen cephalosporins,152.0,3.3
Ireland,2010,Escherichia coli,3rd-gen cephalosporins,2119.0,7.7
Ireland,2011,Escherichia coli,3rd-gen cephalosporins,2166.0,9.0
Ireland,2012,Escherichia coli,3rd-gen cephalosporins,2288.0,9.2
Ireland,2013,Escherichia coli,3rd-gen cephalosporins,2480.0,10.6
Ireland,2014,Escherichia coli,3rd-gen cephalosporins,2691.0,10.7
Italy,2010,Escherichia coli,3rd-gen cephalosporins,2419.0,21.0
Italy,2011,Escherichia coli,3rd-gen cephalosporins,1870.0,19.8
Italy,2012,Escherichia coli,3rd-gen cephalosporins,2997.0,26.3
Italy,2013,Escherichia coli,3rd-gen cephalosporins,3990.0,26.2
Italy,2014,Escherichia coli,3rd-gen cephalosporins,3694.0,28.7
Latvia,2010,Escherichia coli,3rd-gen cephalosporins,98.0,12.2
Latvia,2011,Escherichia coli,3rd-gen cephalosporins,132.0,15.9
Latvia,2012,Escherichia coli,3rd-gen cephalosporins,154.0,13.0
Latvia,2013,Escherichia coli,3rd-gen cephalosporins,136.0,14.0
Latvia,2014,Escherichia coli,3rd-gen cephalosporins,165.0,10.9
Lithuania,2010,Escherichia coli,3rd-gen cephalosporins,333.0,8.7
Lithuania,2011,Escherichia coli,3rd-gen cephalosporins,385.0,7.0
Lithuania,2012,Escherichia coli,3rd-gen cephalosporins,462.0,4.8
Lithuania,2013,Escherichia coli,3rd-gen cephalosporins,432.0,7.6
Lithuania,2014,Escherichia coli,3rd-gen cephalosporins,594.0,8.1
Luxembourg,2010,Escherichia coli,3rd-gen cephalosporins,354.0,9.3
Luxembourg,2011,Escherichia coli,3rd-gen cephalosporins,353.0,8.2
Luxembourg,2012,Escherichia coli,3rd-gen cephalosporins,334.0,11.4
Luxembourg,2013,Escherichia coli,3rd-gen cephalosporins,301.0,10.6
Luxembourg,2014,Escherichia coli,3rd-gen cephalosporins,368.0,12.0
Malta,2010,Escherichia coli,3rd-gen cephalosporins,192.0,15.6
Malta,2011,Escherichia coli,3rd-gen cephalosporins,219.0,12.8
Malta,2012,Escherichia coli,3rd-gen cephalosporins,216.0,13.9
Malta,2013,Escherichia coli,3rd-gen cephalosporins,248.0,8.9
Malta,2014,Escherichia coli,3rd-gen cephalosporins,279.0,10.8
Netherlands,2010,Escherichia coli,3rd-gen cephalosporins,3387.0,5.1
Netherlands,2011,Escherichia coli,3rd-gen cephalosporins,4408.0,5.7
Netherlands,2012,Escherichia coli,3rd-gen cephalosporins,4702.0,6.0
Netherlands,2013,Escherichia coli,3rd-gen cephalosporins,4740.0,5.8
Netherlands,2014,Escherichia coli,3rd-gen cephalosporins,6497.0,5.7
Norway,2010,Escherichia coli,3rd-gen cephalosporins,2275.0,3.7
Norway,2011,Escherichia coli,3rd-gen cephalosporins,2523.0,3.6
Norway,2012,Escherichia coli,3rd-gen cephalosporins,3019.0,4.9
Norway,2013,Escherichia coli,3rd-gen cephalosporins,3077.0,5.5
Norway,2014,Escherichia coli,3rd-gen cephalosporins,3421.0,5.8
Poland,2010,Escherichia coli,3rd-gen cephalosporins,744.0,7.5
Poland,2011,Escherichia coli,3rd-gen cephalosporins,938.0,11.7
Poland,2012,Escherichia coli,3rd-gen cephalosporins,1037.0,12.9
Poland,2013,Escherichia coli,3rd-gen cephalosporins,1036.0,10.9
Poland,2014,Escherichia coli,3rd-gen cephalosporins,,
Portugal,2010,Escherichia coli,3rd-gen cephalosporins,1928.0,10.4
Portugal,2011,Escherichia coli,3rd-gen cephalosporins,1901.0,11.3
Portugal,2012,Escherichia coli,3rd-gen cephalosporins,2154.0,13.5
Portugal,2013,Escherichia coli,3rd-gen cephalosporins,2678.0,14.9
Portugal,2014,Escherichia coli,3rd-gen cephalosporins,5024.0,16.4
Romania,2010,Escherichia coli,3rd-gen cephalosporins,34.0,20.6
Romania,2011,Escherichia coli,3rd-gen cephalosporins,95.0,21.1
Romania,2012,Escherichia coli,3rd-gen cephalosporins,191.0,25.1
Romania,2013,Escherichia coli,3rd-gen cephalosporins,298.0,22.8
Romania,2014,Escherichia coli,3rd-gen cephalosporins,306.0,29.4
Slovakia,2010,Escherichia coli,3rd-gen cephalosporins,,
Slovakia,2011,Escherichia coli,3rd-gen cephalosporins,740.0,30.9
Slovakia,2012,Escherichia coli,3rd-gen cephalosporins,693.0,30.7
Slovakia,2013,Escherichia coli,3rd-gen cephalosporins,807.0,29.7
Slovakia,2014,Escherichia coli,3rd-gen cephalosporins,889.0,31.8
Slovenia,2010,Escherichia coli,3rd-gen cephalosporins,952.0,6.6
Slovenia,2011,Escherichia coli,3rd-gen cephalosporins,1002.0,8.8
Slovenia,2012,Escherichia coli,3rd-gen cephalosporins,1168.0,9.5
Slovenia,2013,Escherichia coli,3rd-gen cephalosporins,1224.0,8.7
Slovenia,2014,Escherichia coli,3rd-gen cephalosporins,1216.0,12.7
Spain,2010,Escherichia coli,3rd-gen cephalosporins,5696.0,12.1
Spain,2011,Escherichia coli,3rd-gen cephalosporins,5600.0,12.0
Spain,2012,Escherichia coli,3rd-gen cephalosporins,5672.0,13.5
Spain,2013,Escherichia coli,3rd-gen cephalosporins,5932.0,13.3
Spain,2014,Escherichia coli,3rd-gen cephalosporins,5821.0,12.3
Sweden,2010,Escherichia coli,3rd-gen cephalosporins,3883.0,2.6
Sweden,2011,Escherichia coli,3rd-gen cephalosporins,5011.0,3.6
Sweden,2012,Escherichia coli,3rd-gen cephalosporins,5536.0,4.4
Sweden,2013,Escherichia coli,3rd-gen cephalosporins,7532.0,5.2
Sweden,2014,Escherichia coli,3rd-gen cephalosporins,6546.0,5.6
United Kingdom,2010,Escherichia coli,3rd-gen cephalosporins,4547.0,9.0
United Kingdom,2011,Escherichia coli,3rd-gen cephalosporins,5182.0,9.6
United Kingdom,2012,Escherichia coli,3rd-gen cephalosporins,5663.0,13.1
United Kingdom,2013,Escherichia coli,3rd-gen cephalosporins,6586.0,14.7
United Kingdom,2014,Escherichia coli,3rd-gen cephalosporins,6219.0,10.3
Austria,2010,Escherichia coli,Aminoglycosides,2915.0,6.5
Austria,2011,Escherichia coli,Aminoglycosides,3144.0,7.4
Austria,2012,Escherichia coli,Aminoglycosides,3713.0,6.5
Austria,2013,Escherichia coli,Aminoglycosides,4369.0,7.3
Austria,2014,Escherichia coli,Aminoglycosides,4734.0,7.2
Belgium,2010,Escherichia coli,Aminoglycosides,1584.0,5.6
Belgium,2011,Escherichia coli,Aminoglycosides,3831.0,9.3
Belgium,2012,Escherichia coli,Aminoglycosides,3689.0,5.9
Belgium,2013,Escherichia coli,Aminoglycosides,4093.0,6.1
Belgium,2014,Escherichia coli,Aminoglycosides,2320.0,7.9
Bulgaria,2010,Escherichia coli,Aminoglycosides,152.0,15.8
Bulgaria,2011,Escherichia coli,Aminoglycosides,179.0,17.3
Bulgaria,2012,Escherichia coli,Aminoglycosides,223.0,26.5
Bulgaria,2013,Escherichia coli,Aminoglycosides,187.0,32.1
Bulgaria,2014,Escherichia coli,Aminoglycosides,216.0,28.2
Croatia,2010,Escherichia coli,Aminoglycosides,882.0,6.7
Croatia,2011,Escherichia coli,Aminoglycosides,979.0,7.6
Croatia,2012,Escherichia coli,Aminoglycosides,905.0,7.1
Croatia,2013,Escherichia coli,Aminoglycosides,1028.0,7.9
Croatia,2014,Escherichia coli,Aminoglycosides,1078.0,11.0
Cyprus,2010,Escherichia coli,Aminoglycosides,138.0,15.9
Cyprus,2011,Escherichia coli,Aminoglycosides,138.0,23.9
Cyprus,2012,Escherichia coli,Aminoglycosides,176.0,21.0
Cyprus,2013,Escherichia coli,Aminoglycosides,162.0,24.7
Cyprus,2014,Escherichia coli,Aminoglycosides,153.0,17.6
Czech Republic,2010,Escherichia coli,Aminoglycosides,2449.0,8.5
Czech Republic,2011,Escherichia coli,Aminoglycosides,2674.0,8.8
Czech Republic,2012,Escherichia coli,Aminoglycosides,2812.0,8.4
Czech Republic,2013,Escherichia coli,Aminoglycosides,2957.0,9.1
Czech Republic,2014,Escherichia coli,Aminoglycosides,2979.0,10.7
Denmark,2010,Escherichia coli,Aminoglycosides,3412.0,5.8
Denmark,2011,Escherichia coli,Aminoglycosides,3638.0,6.4
Denmark,2012,Escherichia coli,Aminoglycosides,3687.0,7.3
Denmark,2013,Escherichia coli,Aminoglycosides,3887.0,6.5
Denmark,2014,Escherichia coli,Aminoglycosides,4493.0,7.3
Estonia,2010,Escherichia coli,Aminoglycosides,269.0,5.6
Estonia,2011,Escherichia coli,Aminoglycosides,314.0,4.8
Estonia,2012,Escherichia coli,Aminoglycosides,306.0,7.5
Estonia,2013,Escherichia coli,Aminoglycosides,341.0,7.6
Estonia,2014,Escherichia coli,Aminoglycosides,412.0,7.0
Finland,2010,Escherichia coli,Aminoglycosides,2356.0,3.8
Finland,2011,Escherichia coli,Aminoglycosides,3020.0,5.2
Finland,2012,Escherichia coli,Aminoglycosides,2993.0,6.1
Finland,2013,Escherichia coli,Aminoglycosides,3530.0,6.5
Finland,2014,Escherichia coli,Aminoglycosides,3817.0,4.6
France,2010,Escherichia coli,Aminoglycosides,9025.0,7.2
France,2011,Escherichia coli,Aminoglycosides,8742.0,7.9
France,2012,Escherichia coli,Aminoglycosides,5750.0,8.2
France,2013,Escherichia coli,Aminoglycosides,10156.0,7.8
France,2014,Escherichia coli,Aminoglycosides,10347.0,7.8
Germany,2010,Escherichia coli,Aminoglycosides,3021.0,8.7
Germany,2011,Escherichia coli,Aminoglycosides,3645.0,7.6
Germany,2012,Escherichia coli,Aminoglycosides,4190.0,7.1
Germany,2013,Escherichia coli,Aminoglycosides,5253.0,7.0
Germany,2014,Escherichia coli,Aminoglycosides,6244.0,6.9
Greece,2010,Escherichia coli,Aminoglycosides,1530.0,16.5
Greece,2011,Escherichia coli,Aminoglycosides,1434.0,16.8
Greece,2012,Escherichia coli,Aminoglycosides,1372.0,17.9
Greece,2013,Escherichia coli,Aminoglycosides,1240.0,17.0
Greece,2014,Escherichia coli,Aminoglycosides,1113.0,15.9
Hungary,2010,Escherichia coli,Aminoglycosides,1384.0,21.2
Hungary,2011,Escherichia coli,Aminoglycosides,1226.0,14.8
Hungary,2012,Escherichia coli,Aminoglycosides,1409.0,17.2
Hungary,2013,Escherichia coli,Aminoglycosides,1431.0,17.1
Hungary,2014,Escherichia coli,Aminoglycosides,1610.0,14.8
Iceland,2010,Escherichia coli,Aminoglycosides,104.0,2.9
Iceland,2011,Escherichia coli,Aminoglycosides,129.0,6.2
Iceland,2012,Escherichia coli,Aminoglycosides,138.0,3.6
Iceland,2013,Escherichia coli,Aminoglycosides,121.0,4.1
Iceland,2014,Escherichia coli,Aminoglycosides,152.0,5.3
Ireland,2010,Escherichia coli,Aminoglycosides,2118.0,9.9
Ireland,2011,Escherichia coli,Aminoglycosides,2158.0,10.2
Ireland,2012,Escherichia coli,Aminoglycosides,2378.0,11.1
Ireland,2013,Escherichia coli,Aminoglycosides,2482.0,11.4
Ireland,2014,Escherichia coli,Aminoglycosides,2705.0,12.4
Italy,2010,Escherichia coli,Aminoglycosides,2609.0,15.5
Italy,2011,Escherichia coli,Aminoglycosides,1985.0,18.3
Italy,2012,Escherichia coli,Aminoglycosides,3093.0,21.4
Italy,2013,Escherichia coli,Aminoglycosides,4002.0,18.5
Italy,2014,Escherichia coli,Aminoglycosides,3544.0,19.3
Latvia,2010,Escherichia coli,Aminoglycosides,98.0,11.2
Latvia,2011,Escherichia coli,Aminoglycosides,132.0,11.4
Latvia,2012,Escherichia coli,Aminoglycosides,154.0,11.7
Latvia,2013,Escherichia coli,Aminoglycosides,136.0,6.6
Latvia,2014,Escherichia coli,Aminoglycosides,181.0,8.8
Lithuania,2010,Escherichia coli,Aminoglycosides,331.0,14.5
Lithuania,2011,Escherichia coli,Aminoglycosides,382.0,9.7
Lithuania,2012,Escherichia coli,Aminoglycosides,461.0,9.5
Lithuania,2013,Escherichia coli,Aminoglycosides,430.0,11.2
Lithuania,2014,Escherichia coli,Aminoglycosides,590.0,10.7
Luxembourg,2010,Escherichia coli,Aminoglycosides,354.0,6.5
Luxembourg,2011,Escherichia coli,Aminoglycosides,354.0,8.2
Luxembourg,2012,Escherichia coli,Aminoglycosides,334.0,6.3
Luxembourg,2013,Escherichia coli,Aminoglycosides,308.0,6.8
Luxembourg,2014,Escherichia coli,Aminoglycosides,368.0,8.2
Malta,2010,Escherichia coli,Aminoglycosides,192.0,22.4
Malta,2011,Escherichia coli,Aminoglycosides,219.0,15.5
Malta,2012,Escherichia coli,Aminoglycosides,216.0,13.9
Malta,2013,Escherichia coli,Aminoglycosides,248.0,9.7
Malta,2014,Escherichia coli,Aminoglycosides,279.0,10.4
Netherlands,2010,Escherichia coli,Aminoglycosides,3408.0,7.2
Netherlands,2011,Escherichia coli,Aminoglycosides,4431.0,7.8
Netherlands,2012,Escherichia coli,Aminoglycosides,4708.0,7.2
Netherlands,2013,Escherichia coli,Aminoglycosides,4743.0,6.2
Netherlands,2014,Escherichia coli,Aminoglycosides,6488.0,6.3
Norway,2010,Escherichia coli,Aminoglycosides,2246.0,4.3
Norway,2011,Escherichia coli,Aminoglycosides,2470.0,4.1
Norway,2012,Escherichia coli,Aminoglycosides,3023.0,5.8
Norway,2013,Escherichia coli,Aminoglycosides,3079.0,6.4
Norway,2014,Escherichia coli,Aminoglycosides,3419.0,6.0
Poland,2010,Escherichia coli,Aminoglycosides,704.0,9.1
Poland,2011,Escherichia coli,Aminoglycosides,1171.0,8.4
Poland,2012,Escherichia coli,Aminoglycosides,1046.0,11.9
Poland,2013,Escherichia coli,Aminoglycosides,1070.0,11.0
Poland,2014,Escherichia coli,Aminoglycosides,,
Portugal,2010,Escherichia coli,Aminoglycosides,1979.0,12.0
Portugal,2011,Escherichia coli,Aminoglycosides,1962.0,16.1
Portugal,2012,Escherichia coli,Aminoglycosides,2155.0,16.3
Portugal,2013,Escherichia coli,Aminoglycosides,2685.0,15.8
Portugal,2014,Escherichia coli,Aminoglycosides,4993.0,16.3
Romania,2010,Escherichia coli,Aminoglycosides,33.0,12.1
Romania,2011,Escherichia coli,Aminoglycosides,50.0,18.0
Romania,2012,Escherichia coli,Aminoglycosides,185.0,24.3
Romania,2013,Escherichia coli,Aminoglycosides,298.0,14.8
Romania,2014,Escherichia coli,Aminoglycosides,303.0,17.2
Slovakia,2010,Escherichia coli,Aminoglycosides,,
Slovakia,2011,Escherichia coli,Aminoglycosides,740.0,17.8
Slovakia,2012,Escherichia coli,Aminoglycosides,694.0,21.2
Slovakia,2013,Escherichia coli,Aminoglycosides,808.0,24.3
Slovakia,2014,Escherichia coli,Aminoglycosides,889.0,22.8
Slovenia,2010,Escherichia coli,Aminoglycosides,952.0,8.8
Slovenia,2011,Escherichia coli,Aminoglycosides,1002.0,9.8
Slovenia,2012,Escherichia coli,Aminoglycosides,1168.0,8.6
Slovenia,2013,Escherichia coli,Aminoglycosides,1224.0,9.7
Slovenia,2014,Escherichia coli,Aminoglycosides,1216.0,11.6
Spain,2010,Escherichia coli,Aminoglycosides,5696.0,14.2
Spain,2011,Escherichia coli,Aminoglycosides,5603.0,14.8
Spain,2012,Escherichia coli,Aminoglycosides,5675.0,15.6
Spain,2013,Escherichia coli,Aminoglycosides,5930.0,15.4
Spain,2014,Escherichia coli,Aminoglycosides,5822.0,15.1
Sweden,2010,Escherichia coli,Aminoglycosides,3665.0,2.7
Sweden,2011,Escherichia coli,Aminoglycosides,4274.0,4.5
Sweden,2012,Escherichia coli,Aminoglycosides,5538.0,5.0
Sweden,2013,Escherichia coli,Aminoglycosides,7101.0,6.0
Sweden,2014,Escherichia coli,Aminoglycosides,5606.0,6.1
United Kingdom,2010,Escherichia coli,Aminoglycosides,4929.0,8.3
United Kingdom,2011,Escherichia coli,Aminoglycosides,5661.0,8.2
United Kingdom,2012,Escherichia coli,Aminoglycosides,6390.0,8.6
United Kingdom,2013,Escherichia coli,Aminoglycosides,7167.0,9.2
United Kingdom,2014,Escherichia coli,Aminoglycosides,7273.0,9.0
Austria,2010,Escherichia coli,Aminopenicillins,2928.0,50.6
Austria,2011,Escherichia coli,Aminopenicillins,3148.0,50.3
Austria,2012,Escherichia coli,Aminopenicillins,3625.0,50.6
Austria,2013,Escherichia coli,Aminopenicillins,4379.0,51.3
Austria,2014,Escherichia coli,Aminopenicillins,4742.0,50.4
Belgium,2010,Escherichia coli,Aminopenicillins,1957.0,56.9
Belgium,2011,Escherichia coli,Aminopenicillins,3507.0,58.7
Belgium,2012,Escherichia coli,Aminopenicillins,3898.0,56.3
Belgium,2013,Escherichia coli,Aminopenicillins,4350.0,56.8
Belgium,2014,Escherichia coli,Aminopenicillins,2876.0,58.9
Bulgaria,2010,Escherichia coli,Aminopenicillins,142.0,71.8
Bulgaria,2011,Escherichia coli,Aminopenicillins,152.0,60.5
Bulgaria,2012,Escherichia coli,Aminopenicillins,207.0,71.0
Bulgaria,2013,Escherichia coli,Aminopenicillins,160.0,74.4
Bulgaria,2014,Escherichia coli,Aminopenicillins,159.0,73.0
Croatia,2010,Escherichia coli,Aminopenicillins,625.0,53.0
Croatia,2011,Escherichia coli,Aminopenicillins,975.0,55.3
Croatia,2012,Escherichia coli,Aminopenicillins,904.0,51.4
Croatia,2013,Escherichia coli,Aminopenicillins,1036.0,53.7
Croatia,2014,Escherichia coli,Aminopenicillins,1077.0,54.0
Cyprus,2010,Escherichia coli,Aminopenicillins,137.0,62.0
Cyprus,2011,Escherichia coli,Aminopenicillins,134.0,77.6
Cyprus,2012,Escherichia coli,Aminopenicillins,176.0,70.5
Cyprus,2013,Escherichia coli,Aminopenicillins,162.0,77.2
Cyprus,2014,Escherichia coli,Aminopenicillins,153.0,71.2
Czech Republic,2010,Escherichia coli,Aminopenicillins,2481.0,59.3
Czech Republic,2011,Escherichia coli,Aminopenicillins,2683.0,60.7
Czech Republic,2012,Escherichia coli,Aminopenicillins,2811.0,56.8
Czech Republic,2013,Escherichia coli,Aminopenicillins,2954.0,54.9
Czech Republic,2014,Escherichia coli,Aminopenicillins,2978.0,54.4
Denmark,2010,Escherichia coli,Aminopenicillins,3412.0,45.8
Denmark,2011,Escherichia coli,Aminopenicillins,3638.0,47.9
Denmark,2012,Escherichia coli,Aminopenicillins,3708.0,45.2
Denmark,2013,Escherichia coli,Aminopenicillins,3965.0,46.3
Denmark,2014,Escherichia coli,Aminopenicillins,4490.0,44.9
Estonia,2010,Escherichia coli,Aminopenicillins,259.0,37.5
Estonia,2011,Escherichia coli,Aminopenicillins,,
Estonia,2012,Escherichia coli,Aminopenicillins,216.0,48.1
Estonia,2013,Escherichia coli,Aminopenicillins,235.0,46.4
Estonia,2014,Escherichia coli,Aminopenicillins,261.0,47.1
Finland,2010,Escherichia coli,Aminopenicillins,2165.0,33.8
Finland,2011,Escherichia coli,Aminopenicillins,2264.0,37.3
Finland,2012,Escherichia coli,Aminopenicillins,2090.0,39.7
Finland,2013,Escherichia coli,Aminopenicillins,2124.0,37.3
Finland,2014,Escherichia coli,Aminopenicillins,2365.0,34.7
France,2010,Escherichia coli,Aminopenicillins,9017.0,54.6
France,2011,Escherichia coli,Aminopenicillins,8784.0,55.1
France,2012,Escherichia coli,Aminopenicillins,9599.0,55.2
France,2013,Escherichia coli,Aminopenicillins,10146.0,55.1
France,2014,Escherichia coli,Aminopenicillins,10325.0,55.9
Germany,2010,Escherichia coli,Aminopenicillins,3022.0,54.4
Germany,2011,Escherichia coli,Aminopenicillins,3638.0,52.3
Germany,2012,Escherichia coli,Aminopenicillins,4162.0,49.6
Germany,2013,Escherichia coli,Aminopenicillins,5220.0,53.0
Germany,2014,Escherichia coli,Aminopenicillins,5543.0,51.7
Greece,2010,Escherichia coli,Aminopenicillins,1474.0,52.3
Greece,2011,Escherichia coli,Aminopenicillins,1297.0,54.5
Greece,2012,Escherichia coli,Aminopenicillins,1270.0,55.0
Greece,2013,Escherichia coli,Aminopenicillins,1149.0,56.4
Greece,2014,Escherichia coli,Aminopenicillins,1057.0,55.7
Hungary,2010,Escherichia coli,Aminopenicillins,1328.0,65.3
Hungary,2011,Escherichia coli,Aminopenicillins,991.0,64.7
Hungary,2012,Escherichia coli,Aminopenicillins,1328.0,63.9
Hungary,2013,Escherichia coli,Aminopenicillins,1411.0,60.9
Hungary,2014,Escherichia coli,Aminopenicillins,1603.0,59.1
Iceland,2010,Escherichia coli,Aminopenicillins,100.0,46.0
Iceland,2011,Escherichia coli,Aminopenicillins,129.0,48.1
Iceland,2012,Escherichia coli,Aminopenicillins,131.0,44.3
Iceland,2013,Escherichia coli,Aminopenicillins,121.0,46.3
Iceland,2014,Escherichia coli,Aminopenicillins,151.0,43.0
Ireland,2010,Escherichia coli,Aminopenicillins,2121.0,66.8
Ireland,2011,Escherichia coli,Aminopenicillins,2118.0,69.5
Ireland,2012,Escherichia coli,Aminopenicillins,2329.0,67.4
Ireland,2013,Escherichia coli,Aminopenicillins,2465.0,69.4
Ireland,2014,Escherichia coli,Aminopenicillins,2694.0,68.7
Italy,2010,Escherichia coli,Aminopenicillins,2288.0,64.2
Italy,2011,Escherichia coli,Aminopenicillins,1530.0,67.1
Italy,2012,Escherichia coli,Aminopenicillins,2123.0,67.5
Italy,2013,Escherichia coli,Aminopenicillins,2356.0,65.7
Italy,2014,Escherichia coli,Aminopenicillins,2178.0,65.4
Latvia,2010,Escherichia coli,Aminopenicillins,98.0,50.0
Latvia,2011,Escherichia coli,Aminopenicillins,130.0,54.6
Latvia,2012,Escherichia coli,Aminopenicillins,153.0,54.2
Latvia,2013,Escherichia coli,Aminopenicillins,135.0,51.9
Latvia,2014,Escherichia coli,Aminopenicillins,182.0,48.4
Lithuania,2010,Escherichia coli,Aminopenicillins,329.0,55.9
Lithuania,2011,Escherichia coli,Aminopenicillins,383.0,47.8
Lithuania,2012,Escherichia coli,Aminopenicillins,461.0,52.5
Lithuania,2013,Escherichia coli,Aminopenicillins,432.0,54.2
Lithuania,2014,Escherichia coli,Aminopenicillins,590.0,57.8
Luxembourg,2010,Escherichia coli,Aminopenicillins,353.0,63.2
Luxembourg,2011,Escherichia coli,Aminopenicillins,353.0,52.1
Luxembourg,2012,Escherichia coli,Aminopenicillins,335.0,50.7
Luxembourg,2013,Escherichia coli,Aminopenicillins,299.0,54.5
Luxembourg,2014,Escherichia coli,Aminopenicillins,371.0,59.6
Malta,2010,Escherichia coli,Aminopenicillins,192.0,44.3
Malta,2011,Escherichia coli,Aminopenicillins,219.0,53.0
Malta,2012,Escherichia coli,Aminopenicillins,207.0,54.6
Malta,2013,Escherichia coli,Aminopenicillins,248.0,54.8
Malta,2014,Escherichia coli,Aminopenicillins,279.0,53.4
Netherlands,2010,Escherichia coli,Aminopenicillins,3404.0,47.6
Netherlands,2011,Escherichia coli,Aminopenicillins,4425.0,48.5
Netherlands,2012,Escherichia coli,Aminopenicillins,4697.0,49.0
Netherlands,2013,Escherichia coli,Aminopenicillins,4656.0,47.5
Netherlands,2014,Escherichia coli,Aminopenicillins,6458.0,46.0
Norway,2010,Escherichia coli,Aminopenicillins,2268.0,38.2
Norway,2011,Escherichia coli,Aminopenicillins,2617.0,39.1
Norway,2012,Escherichia coli,Aminopenicillins,2995.0,43.2
Norway,2013,Escherichia coli,Aminopenicillins,3016.0,43.0
Norway,2014,Escherichia coli,Aminopenicillins,3404.0,41.8
Poland,2010,Escherichia coli,Aminopenicillins,616.0,60.2
Poland,2011,Escherichia coli,Aminopenicillins,934.0,62.0
Poland,2012,Escherichia coli,Aminopenicillins,736.0,63.3
Poland,2013,Escherichia coli,Aminopenicillins,277.0,65.3
Poland,2014,Escherichia coli,Aminopenicillins,,
Portugal,2010,Escherichia coli,Aminopenicillins,1976.0,55.8
Portugal,2011,Escherichia coli,Aminopenicillins,1963.0,56.5
Portugal,2012,Escherichia coli,Aminopenicillins,2152.0,59.4
Portugal,2013,Escherichia coli,Aminopenicillins,2677.0,59.4
Portugal,2014,Escherichia coli,Aminopenicillins,4899.0,58.9
Romania,2010,Escherichia coli,Aminopenicillins,23.0,82.6
Romania,2011,Escherichia coli,Aminopenicillins,24.0,70.8
Romania,2012,Escherichia coli,Aminopenicillins,185.0,58.9
Romania,2013,Escherichia coli,Aminopenicillins,279.0,67.4
Romania,2014,Escherichia coli,Aminopenicillins,253.0,68.0
Slovakia,2010,Escherichia coli,Aminopenicillins,,
Slovakia,2011,Escherichia coli,Aminopenicillins,610.0,68.4
Slovakia,2012,Escherichia coli,Aminopenicillins,596.0,64.9
Slovakia,2013,Escherichia coli,Aminopenicillins,786.0,61.5
Slovakia,2014,Escherichia coli,Aminopenicillins,866.0,64.5
Slovenia,2010,Escherichia coli,Aminopenicillins,941.0,48.0
Slovenia,2011,Escherichia coli,Aminopenicillins,1002.0,53.9
Slovenia,2012,Escherichia coli,Aminopenicillins,1168.0,50.4
Slovenia,2013,Escherichia coli,Aminopenicillins,1224.0,51.5
Slovenia,2014,Escherichia coli,Aminopenicillins,1216.0,52.6
Spain,2010,Escherichia coli,Aminopenicillins,5696.0,64.5
Spain,2011,Escherichia coli,Aminopenicillins,5592.0,65.6
Spain,2012,Escherichia coli,Aminopenicillins,5672.0,65.4
Spain,2013,Escherichia coli,Aminopenicillins,5720.0,65.1
Spain,2014,Escherichia coli,Aminopenicillins,5817.0,64.9
Sweden,2010,Escherichia coli,Aminopenicillins,1727.0,34.7
Sweden,2011,Escherichia coli,Aminopenicillins,1023.0,34.8
Sweden,2012,Escherichia coli,Aminopenicillins,,
Sweden,2013,Escherichia coli,Aminopenicillins,452.0,34.1
Sweden,2014,Escherichia coli,Aminopenicillins,,
United Kingdom,2010,Escherichia coli,Aminopenicillins,4429.0,62.3
United Kingdom,2011,Escherichia coli,Aminopenicillins,5074.0,62.8
United Kingdom,2012,Escherichia coli,Aminopenicillins,5846.0,62.7
United Kingdom,2013,Escherichia coli,Aminopenicillins,6648.0,63.1
United Kingdom,2014,Escherichia coli,Aminopenicillins,6637.0,62.7
Austria,2010,Escherichia coli,Carbapenems,2465.0,0.0
Austria,2011,Escherichia coli,Carbapenems,2712.0,0.0
Austria,2012,Escherichia coli,Carbapenems,3340.0,0.1
Austria,2013,Escherichia coli,Carbapenems,4257.0,
Austria,2014,Escherichia coli,Carbapenems,4600.0,
Belgium,2010,Escherichia coli,Carbapenems,1014.0,0.0
Belgium,2011,Escherichia coli,Carbapenems,3989.0,0.0
Belgium,2012,Escherichia coli,Carbapenems,4119.0,0.0
Belgium,2013,Escherichia coli,Carbapenems,4246.0,
Belgium,2014,Escherichia coli,Carbapenems,2614.0,
Bulgaria,2010,Escherichia coli,Carbapenems,146.0,
Bulgaria,2011,Escherichia coli,Carbapenems,145.0,
Bulgaria,2012,Escherichia coli,Carbapenems,191.0,2.6
Bulgaria,2013,Escherichia coli,Carbapenems,176.0,2.8
Bulgaria,2014,Escherichia coli,Carbapenems,197.0,0.5
Croatia,2010,Escherichia coli,Carbapenems,872.0,0.3
Croatia,2011,Escherichia coli,Carbapenems,983.0,0.0
Croatia,2012,Escherichia coli,Carbapenems,900.0,0.0
Croatia,2013,Escherichia coli,Carbapenems,1038.0,0.0
Croatia,2014,Escherichia coli,Carbapenems,1079.0,0.0
Cyprus,2010,Escherichia coli,Carbapenems,138.0,0.7
Cyprus,2011,Escherichia coli,Carbapenems,138.0,0.7
Cyprus,2012,Escherichia coli,Carbapenems,176.0,
Cyprus,2013,Escherichia coli,Carbapenems,162.0,0.0
Cyprus,2014,Escherichia coli,Carbapenems,153.0,0.0
Czech Republic,2010,Escherichia coli,Carbapenems,1647.0,0.1
Czech Republic,2011,Escherichia coli,Carbapenems,1675.0,0.0
Czech Republic,2012,Escherichia coli,Carbapenems,1729.0,0.1
Czech Republic,2013,Escherichia coli,Carbapenems,1733.0,0.0
Czech Republic,2014,Escherichia coli,Carbapenems,1702.0,0.0
Denmark,2010,Escherichia coli,Carbapenems,2011.0,0.0
Denmark,2011,Escherichia coli,Carbapenems,2265.0,0.0
Denmark,2012,Escherichia coli,Carbapenems,2865.0,0.0
Denmark,2013,Escherichia coli,Carbapenems,2832.0,
Denmark,2014,Escherichia coli,Carbapenems,3946.0,
Estonia,2010,Escherichia coli,Carbapenems,225.0,
Estonia,2011,Escherichia coli,Carbapenems,233.0,
Estonia,2012,Escherichia coli,Carbapenems,252.0,
Estonia,2013,Escherichia coli,Carbapenems,283.0,0.0
Estonia,2014,Escherichia coli,Carbapenems,254.0,0.0
Finland,2010,Escherichia coli,Carbapenems,2471.0,0.0
Finland,2011,Escherichia coli,Carbapenems,3020.0,0.0
Finland,2012,Escherichia coli,Carbapenems,3161.0,0.0
Finland,2013,Escherichia coli,Carbapenems,3690.0,0.0
Finland,2014,Escherichia coli,Carbapenems,4013.0,0.0
France,2010,Escherichia coli,Carbapenems,8164.0,0.0
France,2011,Escherichia coli,Carbapenems,8503.0,0.0
France,2012,Escherichia coli,Carbapenems,9091.0,0.0
France,2013,Escherichia coli,Carbapenems,9585.0,0.1
France,2014,Escherichia coli,Carbapenems,9693.0,
Germany,2010,Escherichia coli,Carbapenems,2931.0,0.0
Germany,2011,Escherichia coli,Carbapenems,3593.0,0.0
Germany,2012,Escherichia coli,Carbapenems,4184.0,0.0
Germany,2013,Escherichia coli,Carbapenems,5247.0,0.1
Germany,2014,Escherichia coli,Carbapenems,6247.0,0.1
Greece,2010,Escherichia coli,Carbapenems,1519.0,0.4
Greece,2011,Escherichia coli,Carbapenems,1127.0,0.9
Greece,2012,Escherichia coli,Carbapenems,1396.0,1.4
Greece,2013,Escherichia coli,Carbapenems,1256.0,1.4
Greece,2014,Escherichia coli,Carbapenems,1122.0,1.2
Hungary,2010,Escherichia coli,Carbapenems,1311.0,0.2
Hungary,2011,Escherichia coli,Carbapenems,1151.0,0.1
Hungary,2012,Escherichia coli,Carbapenems,1307.0,0.0
Hungary,2013,Escherichia coli,Carbapenems,1355.0,0.1
Hungary,2014,Escherichia coli,Carbapenems,1517.0,0.0
Iceland,2010,Escherichia coli,Carbapenems,104.0,0.0
Iceland,2011,Escherichia coli,Carbapenems,129.0,0.0
Iceland,2012,Escherichia coli,Carbapenems,138.0,0.0
Iceland,2013,Escherichia coli,Carbapenems,121.0,0.0
Iceland,2014,Escherichia coli,Carbapenems,140.0,0.0
Ireland,2010,Escherichia coli,Carbapenems,1940.0,0.0
Ireland,2011,Escherichia coli,Carbapenems,2149.0,0.0
Ireland,2012,Escherichia coli,Carbapenems,2369.0,0.0
Ireland,2013,Escherichia coli,Carbapenems,2476.0,
Ireland,2014,Escherichia coli,Carbapenems,2697.0,
Italy,2010,Escherichia coli,Carbapenems,2593.0,0.1
Italy,2011,Escherichia coli,Carbapenems,1854.0,0.2
Italy,2012,Escherichia coli,Carbapenems,3021.0,0.3
Italy,2013,Escherichia coli,Carbapenems,3989.0,0.6
Italy,2014,Escherichia coli,Carbapenems,3696.0,0.2
Latvia,2010,Escherichia coli,Carbapenems,96.0,
Latvia,2011,Escherichia coli,Carbapenems,131.0,
Latvia,2012,Escherichia coli,Carbapenems,153.0,
Latvia,2013,Escherichia coli,Carbapenems,135.0,0.0
Latvia,2014,Escherichia coli,Carbapenems,182.0,0.0
Lithuania,2010,Escherichia coli,Carbapenems,238.0,
Lithuania,2011,Escherichia coli,Carbapenems,1.0,
Lithuania,2012,Escherichia coli,Carbapenems,450.0,
Lithuania,2013,Escherichia coli,Carbapenems,431.0,0.0
Lithuania,2014,Escherichia coli,Carbapenems,593.0,0.0
Luxembourg,2010,Escherichia coli,Carbapenems,340.0,
Luxembourg,2011,Escherichia coli,Carbapenems,351.0,
Luxembourg,2012,Escherichia coli,Carbapenems,333.0,
Luxembourg,2013,Escherichia coli,Carbapenems,295.0,0.0
Luxembourg,2014,Escherichia coli,Carbapenems,368.0,0.3
Malta,2010,Escherichia coli,Carbapenems,192.0,
Malta,2011,Escherichia coli,Carbapenems,219.0,
Malta,2012,Escherichia coli,Carbapenems,216.0,
Malta,2013,Escherichia coli,Carbapenems,248.0,0.0
Malta,2014,Escherichia coli,Carbapenems,279.0,0.0
Netherlands,2010,Escherichia coli,Carbapenems,3380.0,0.0
Netherlands,2011,Escherichia coli,Carbapenems,4405.0,0.0
Netherlands,2012,Escherichia coli,Carbapenems,4701.0,0.0
Netherlands,2013,Escherichia coli,Carbapenems,4726.0,
Netherlands,2014,Escherichia coli,Carbapenems,6475.0,0.0
Norway,2010,Escherichia coli,Carbapenems,2089.0,0.0
Norway,2011,Escherichia coli,Carbapenems,2588.0,0.0
Norway,2012,Escherichia coli,Carbapenems,3023.0,0.0
Norway,2013,Escherichia coli,Carbapenems,3079.0,0.1
Norway,2014,Escherichia coli,Carbapenems,3420.0,0.0
Poland,2010,Escherichia coli,Carbapenems,703.0,0.1
Poland,2011,Escherichia coli,Carbapenems,1064.0,0.1
Poland,2012,Escherichia coli,Carbapenems,970.0,0.0
Poland,2013,Escherichia coli,Carbapenems,938.0,0.0
Poland,2014,Escherichia coli,Carbapenems,,
Portugal,2010,Escherichia coli,Carbapenems,1443.0,0.3
Portugal,2011,Escherichia coli,Carbapenems,1755.0,0.0
Portugal,2012,Escherichia coli,Carbapenems,2041.0,0.1
Portugal,2013,Escherichia coli,Carbapenems,2668.0,0.1
Portugal,2014,Escherichia coli,Carbapenems,4998.0,
Romania,2010,Escherichia coli,Carbapenems,31.0,
Romania,2011,Escherichia coli,Carbapenems,47.0,
Romania,2012,Escherichia coli,Carbapenems,182.0,0.0
Romania,2013,Escherichia coli,Carbapenems,299.0,0.0
Romania,2014,Escherichia coli,Carbapenems,305.0,0.7
Slovakia,2010,Escherichia coli,Carbapenems,,
Slovakia,2011,Escherichia coli,Carbapenems,705.0,
Slovakia,2012,Escherichia coli,Carbapenems,659.0,0.9
Slovakia,2013,Escherichia coli,Carbapenems,588.0,0.0
Slovakia,2014,Escherichia coli,Carbapenems,820.0,0.0
Slovenia,2010,Escherichia coli,Carbapenems,922.0,0.0
Slovenia,2011,Escherichia coli,Carbapenems,1002.0,0.0
Slovenia,2012,Escherichia coli,Carbapenems,1168.0,0.0
Slovenia,2013,Escherichia coli,Carbapenems,1224.0,0.1
Slovenia,2014,Escherichia coli,Carbapenems,1216.0,0.0
Spain,2010,Escherichia coli,Carbapenems,5696.0,0.0
Spain,2011,Escherichia coli,Carbapenems,5593.0,0.0
Spain,2012,Escherichia coli,Carbapenems,5670.0,0.1
Spain,2013,Escherichia coli,Carbapenems,5921.0,0.7
Spain,2014,Escherichia coli,Carbapenems,5817.0,0.1
Sweden,2010,Escherichia coli,Carbapenems,3586.0,0.0
Sweden,2011,Escherichia coli,Carbapenems,5949.0,0.0
Sweden,2012,Escherichia coli,Carbapenems,5532.0,0.0
Sweden,2013,Escherichia coli,Carbapenems,7347.0,
Sweden,2014,Escherichia coli,Carbapenems,6298.0,0.0
United Kingdom,2010,Escherichia coli,Carbapenems,4025.0,0.0
United Kingdom,2011,Escherichia coli,Carbapenems,4640.0,0.1
United Kingdom,2012,Escherichia coli,Carbapenems,5182.0,0.2
United Kingdom,2013,Escherichia coli,Carbapenems,6251.0,
United Kingdom,2014,Escherichia coli,Carbapenems,6365.0,0.1
Austria,2010,Escherichia coli,Combined resistance,2889.0,2.0
Austria,2011,Escherichia coli,Combined resistance,3121.0,2.6
Austria,2012,Escherichia coli,Combined resistance,3579.0,2.5
Austria,2013,Escherichia coli,Combined resistance,4260.0,3.2
Austria,2014,Escherichia coli,Combined resistance,4617.0,2.7
Belgium,2010,Escherichia coli,Combined resistance,1562.0,1.0
Belgium,2011,Escherichia coli,Combined resistance,3331.0,1.4
Belgium,2012,Escherichia coli,Combined resistance,3330.0,1.8
Belgium,2013,Escherichia coli,Combined resistance,3748.0,2.3
Belgium,2014,Escherichia coli,Combined resistance,2227.0,3.7
Bulgaria,2010,Escherichia coli,Combined resistance,150.0,8.0
Bulgaria,2011,Escherichia coli,Combined resistance,179.0,10.1
Bulgaria,2012,Escherichia coli,Combined resistance,223.0,16.1
Bulgaria,2013,Escherichia coli,Combined resistance,187.0,19.8
Bulgaria,2014,Escherichia coli,Combined resistance,213.0,19.7
Croatia,2010,Escherichia coli,Combined resistance,874.0,2.6
Croatia,2011,Escherichia coli,Combined resistance,947.0,2.6
Croatia,2012,Escherichia coli,Combined resistance,889.0,2.8
Croatia,2013,Escherichia coli,Combined resistance,1015.0,3.5
Croatia,2014,Escherichia coli,Combined resistance,1070.0,6.0
Cyprus,2010,Escherichia coli,Combined resistance,138.0,8.7
Cyprus,2011,Escherichia coli,Combined resistance,137.0,18.2
Cyprus,2012,Escherichia coli,Combined resistance,176.0,14.8
Cyprus,2013,Escherichia coli,Combined resistance,162.0,20.4
Cyprus,2014,Escherichia coli,Combined resistance,153.0,13.1
Czech Republic,2010,Escherichia coli,Combined resistance,2447.0,3.4
Czech Republic,2011,Escherichia coli,Combined resistance,2667.0,3.7
Czech Republic,2012,Escherichia coli,Combined resistance,2809.0,4.5
Czech Republic,2013,Escherichia coli,Combined resistance,2953.0,4.9
Czech Republic,2014,Escherichia coli,Combined resistance,2976.0,6.4
Denmark,2010,Escherichia coli,Combined resistance,2403.0,2.4
Denmark,2011,Escherichia coli,Combined resistance,2529.0,3.0
Denmark,2012,Escherichia coli,Combined resistance,2285.0,2.6
Denmark,2013,Escherichia coli,Combined resistance,2377.0,2.2
Denmark,2014,Escherichia coli,Combined resistance,4406.0,1.9
Estonia,2010,Escherichia coli,Combined resistance,255.0,2.0
Estonia,2011,Escherichia coli,Combined resistance,89.0,1.1
Estonia,2012,Escherichia coli,Combined resistance,303.0,1.7
Estonia,2013,Escherichia coli,Combined resistance,335.0,3.3
Estonia,2014,Escherichia coli,Combined resistance,405.0,3.5
Finland,2010,Escherichia coli,Combined resistance,2315.0,1.9
Finland,2011,Escherichia coli,Combined resistance,3020.0,2.5
Finland,2012,Escherichia coli,Combined resistance,2993.0,3.1
Finland,2013,Escherichia coli,Combined resistance,3433.0,3.2
Finland,2014,Escherichia coli,Combined resistance,3787.0,2.2
France,2010,Escherichia coli,Combined resistance,9000.0,2.9
France,2011,Escherichia coli,Combined resistance,8428.0,2.6
France,2012,Escherichia coli,Combined resistance,5655.0,3.3
France,2013,Escherichia coli,Combined resistance,10068.0,3.2
France,2014,Escherichia coli,Combined resistance,10305.0,3.5
Germany,2010,Escherichia coli,Combined resistance,3009.0,3.6
Germany,2011,Escherichia coli,Combined resistance,3631.0,3.6
Germany,2012,Escherichia coli,Combined resistance,4179.0,3.2
Germany,2013,Escherichia coli,Combined resistance,5241.0,2.7
Germany,2014,Escherichia coli,Combined resistance,6158.0,3.0
Greece,2010,Escherichia coli,Combined resistance,1490.0,9.5
Greece,2011,Escherichia coli,Combined resistance,1431.0,10.8
Greece,2012,Escherichia coli,Combined resistance,1368.0,10.7
Greece,2013,Escherichia coli,Combined resistance,1235.0,10.4
Greece,2014,Escherichia coli,Combined resistance,1104.0,10.9
Hungary,2010,Escherichia coli,Combined resistance,1366.0,15.4
Hungary,2011,Escherichia coli,Combined resistance,1209.0,8.3
Hungary,2012,Escherichia coli,Combined resistance,1387.0,10.5
Hungary,2013,Escherichia coli,Combined resistance,1422.0,11.0
Hungary,2014,Escherichia coli,Combined resistance,1599.0,8.3
Iceland,2010,Escherichia coli,Combined resistance,95.0,1.1
Iceland,2011,Escherichia coli,Combined resistance,120.0,0.8
Iceland,2012,Escherichia coli,Combined resistance,134.0,1.5
Iceland,2013,Escherichia coli,Combined resistance,116.0,0.9
Iceland,2014,Escherichia coli,Combined resistance,141.0,1.4
Ireland,2010,Escherichia coli,Combined resistance,2112.0,3.0
Ireland,2011,Escherichia coli,Combined resistance,2148.0,3.6
Ireland,2012,Escherichia coli,Combined resistance,2283.0,4.0
Ireland,2013,Escherichia coli,Combined resistance,2478.0,4.9
Ireland,2014,Escherichia coli,Combined resistance,2689.0,5.0
Italy,2010,Escherichia coli,Combined resistance,2395.0,10.5
Italy,2011,Escherichia coli,Combined resistance,1745.0,10.3
Italy,2012,Escherichia coli,Combined resistance,2686.0,14.4
Italy,2013,Escherichia coli,Combined resistance,3884.0,12.2
Italy,2014,Escherichia coli,Combined resistance,3441.0,13.8
Latvia,2010,Escherichia coli,Combined resistance,97.0,6.2
Latvia,2011,Escherichia coli,Combined resistance,131.0,9.2
Latvia,2012,Escherichia coli,Combined resistance,152.0,6.6
Latvia,2013,Escherichia coli,Combined resistance,134.0,4.5
Latvia,2014,Escherichia coli,Combined resistance,163.0,2.5
Lithuania,2010,Escherichia coli,Combined resistance,331.0,5.4
Lithuania,2011,Escherichia coli,Combined resistance,378.0,2.4
Lithuania,2012,Escherichia coli,Combined resistance,455.0,1.3
Lithuania,2013,Escherichia coli,Combined resistance,429.0,2.1
Lithuania,2014,Escherichia coli,Combined resistance,588.0,2.6
Luxembourg,2010,Escherichia coli,Combined resistance,354.0,1.7
Luxembourg,2011,Escherichia coli,Combined resistance,353.0,2.8
Luxembourg,2012,Escherichia coli,Combined resistance,334.0,2.7
Luxembourg,2013,Escherichia coli,Combined resistance,287.0,2.1
Luxembourg,2014,Escherichia coli,Combined resistance,368.0,4.1
Malta,2010,Escherichia coli,Combined resistance,192.0,13.5
Malta,2011,Escherichia coli,Combined resistance,219.0,9.6
Malta,2012,Escherichia coli,Combined resistance,216.0,8.3
Malta,2013,Escherichia coli,Combined resistance,248.0,5.2
Malta,2014,Escherichia coli,Combined resistance,279.0,6.8
Netherlands,2010,Escherichia coli,Combined resistance,3371.0,1.8
Netherlands,2011,Escherichia coli,Combined resistance,4400.0,2.2
Netherlands,2012,Escherichia coli,Combined resistance,4675.0,1.8
Netherlands,2013,Escherichia coli,Combined resistance,4722.0,1.9
Netherlands,2014,Escherichia coli,Combined resistance,6427.0,2.1
Norway,2010,Escherichia coli,Combined resistance,2236.0,1.4
Norway,2011,Escherichia coli,Combined resistance,2259.0,1.2
Norway,2012,Escherichia coli,Combined resistance,2835.0,1.9
Norway,2013,Escherichia coli,Combined resistance,2971.0,2.5
Norway,2014,Escherichia coli,Combined resistance,3413.0,2.0
Poland,2010,Escherichia coli,Combined resistance,661.0,3.2
Poland,2011,Escherichia coli,Combined resistance,902.0,4.0
Poland,2012,Escherichia coli,Combined resistance,1011.0,5.8
Poland,2013,Escherichia coli,Combined resistance,999.0,5.2
Poland,2014,Escherichia coli,Combined resistance,,
Portugal,2010,Escherichia coli,Combined resistance,1898.0,6.5
Portugal,2011,Escherichia coli,Combined resistance,1891.0,7.5
Portugal,2012,Escherichia coli,Combined resistance,2152.0,9.2
Portugal,2013,Escherichia coli,Combined resistance,2677.0,8.5
Portugal,2014,Escherichia coli,Combined resistance,4990.0,8.6
Romania,2010,Escherichia coli,Combined resistance,32.0,6.3
Romania,2011,Escherichia coli,Combined resistance,50.0,10.0
Romania,2012,Escherichia coli,Combined resistance,179.0,15.6
Romania,2013,Escherichia coli,Combined resistance,292.0,9.2
Romania,2014,Escherichia coli,Combined resistance,298.0,14.4
Slovakia,2010,Escherichia coli,Combined resistance,,
Slovakia,2011,Escherichia coli,Combined resistance,739.0,12.9
Slovakia,2012,Escherichia coli,Combined resistance,692.0,13.6
Slovakia,2013,Escherichia coli,Combined resistance,807.0,17.2
Slovakia,2014,Escherichia coli,Combined resistance,887.0,17.1
Slovenia,2010,Escherichia coli,Combined resistance,952.0,3.8
Slovenia,2011,Escherichia coli,Combined resistance,1002.0,4.1
Slovenia,2012,Escherichia coli,Combined resistance,1168.0,5.1
Slovenia,2013,Escherichia coli,Combined resistance,1224.0,4.8
Slovenia,2014,Escherichia coli,Combined resistance,1216.0,7.2
Spain,2010,Escherichia coli,Combined resistance,5696.0,5.5
Spain,2011,Escherichia coli,Combined resistance,5594.0,4.9
Spain,2012,Escherichia coli,Combined resistance,5651.0,5.9
Spain,2013,Escherichia coli,Combined resistance,5922.0,5.8
Spain,2014,Escherichia coli,Combined resistance,5816.0,5.3
Sweden,2010,Escherichia coli,Combined resistance,1925.0,0.9
Sweden,2011,Escherichia coli,Combined resistance,3915.0,1.4
Sweden,2012,Escherichia coli,Combined resistance,5532.0,1.8
Sweden,2013,Escherichia coli,Combined resistance,7094.0,2.0
Sweden,2014,Escherichia coli,Combined resistance,4203.0,2.0
United Kingdom,2010,Escherichia coli,Combined resistance,4192.0,4.0
United Kingdom,2011,Escherichia coli,Combined resistance,5005.0,3.6
United Kingdom,2012,Escherichia coli,Combined resistance,5577.0,4.2
United Kingdom,2013,Escherichia coli,Combined resistance,6536.0,4.4
United Kingdom,2014,Escherichia coli,Combined resistance,6190.0,4.4
Austria,2010,Escherichia coli,Fluoroquinolones,2925.0,20.9
Austria,2011,Escherichia coli,Fluoroquinolones,3162.0,22.3
Austria,2012,Escherichia coli,Fluoroquinolones,3610.0,20.6
Austria,2013,Escherichia coli,Fluoroquinolones,4279.0,22.0
Austria,2014,Escherichia coli,Fluoroquinolones,4642.0,19.8
Belgium,2010,Escherichia coli,Fluoroquinolones,1782.0,21.5
Belgium,2011,Escherichia coli,Fluoroquinolones,3549.0,21.5
Belgium,2012,Escherichia coli,Fluoroquinolones,3515.0,22.2
Belgium,2013,Escherichia coli,Fluoroquinolones,4113.0,23.0
Belgium,2014,Escherichia coli,Fluoroquinolones,2599.0,26.7
Bulgaria,2010,Escherichia coli,Fluoroquinolones,151.0,33.1
Bulgaria,2011,Escherichia coli,Fluoroquinolones,179.0,30.2
Bulgaria,2012,Escherichia coli,Fluoroquinolones,223.0,34.1
Bulgaria,2013,Escherichia coli,Fluoroquinolones,187.0,37.4
Bulgaria,2014,Escherichia coli,Fluoroquinolones,215.0,38.6
Croatia,2010,Escherichia coli,Fluoroquinolones,876.0,17.0
Croatia,2011,Escherichia coli,Fluoroquinolones,952.0,20.3
Croatia,2012,Escherichia coli,Fluoroquinolones,892.0,17.0
Croatia,2013,Escherichia coli,Fluoroquinolones,1026.0,20.2
Croatia,2014,Escherichia coli,Fluoroquinolones,1072.0,20.1
Cyprus,2010,Escherichia coli,Fluoroquinolones,138.0,42.8
Cyprus,2011,Escherichia coli,Fluoroquinolones,137.0,47.4
Cyprus,2012,Escherichia coli,Fluoroquinolones,176.0,42.0
Cyprus,2013,Escherichia coli,Fluoroquinolones,162.0,51.9
Cyprus,2014,Escherichia coli,Fluoroquinolones,153.0,46.4
Czech Republic,2010,Escherichia coli,Fluoroquinolones,2481.0,22.7
Czech Republic,2011,Escherichia coli,Fluoroquinolones,2682.0,23.5
Czech Republic,2012,Escherichia coli,Fluoroquinolones,2809.0,21.0
Czech Republic,2013,Escherichia coli,Fluoroquinolones,2953.0,20.8
Czech Republic,2014,Escherichia coli,Fluoroquinolones,2976.0,21.6
Denmark,2010,Escherichia coli,Fluoroquinolones,3166.0,13.7
Denmark,2011,Escherichia coli,Fluoroquinolones,3583.0,14.1
Denmark,2012,Escherichia coli,Fluoroquinolones,3923.0,14.1
Denmark,2013,Escherichia coli,Fluoroquinolones,3963.0,12.4
Denmark,2014,Escherichia coli,Fluoroquinolones,4489.0,12.3
Estonia,2010,Escherichia coli,Fluoroquinolones,263.0,8.4
Estonia,2011,Escherichia coli,Fluoroquinolones,312.0,9.9
Estonia,2012,Escherichia coli,Fluoroquinolones,304.0,14.1
Estonia,2013,Escherichia coli,Fluoroquinolones,338.0,11.8
Estonia,2014,Escherichia coli,Fluoroquinolones,407.0,12.3
Finland,2010,Escherichia coli,Fluoroquinolones,2550.0,9.2
Finland,2011,Escherichia coli,Fluoroquinolones,3020.0,11.0
Finland,2012,Escherichia coli,Fluoroquinolones,3162.0,11.7
Finland,2013,Escherichia coli,Fluoroquinolones,3594.0,13.3
Finland,2014,Escherichia coli,Fluoroquinolones,3987.0,11.0
France,2010,Escherichia coli,Fluoroquinolones,9007.0,17.5
France,2011,Escherichia coli,Fluoroquinolones,8694.0,17.9
France,2012,Escherichia coli,Fluoroquinolones,9470.0,17.8
France,2013,Escherichia coli,Fluoroquinolones,10069.0,16.7
France,2014,Escherichia coli,Fluoroquinolones,10307.0,17.6
Germany,2010,Escherichia coli,Fluoroquinolones,3017.0,24.8
Germany,2011,Escherichia coli,Fluoroquinolones,3636.0,23.7
Germany,2012,Escherichia coli,Fluoroquinolones,4188.0,21.1
Germany,2013,Escherichia coli,Fluoroquinolones,5254.0,22.1
Germany,2014,Escherichia coli,Fluoroquinolones,6163.0,20.6
Greece,2010,Escherichia coli,Fluoroquinolones,1516.0,24.4
Greece,2011,Escherichia coli,Fluoroquinolones,1433.0,26.6
Greece,2012,Escherichia coli,Fluoroquinolones,1372.0,29.1
Greece,2013,Escherichia coli,Fluoroquinolones,1240.0,30.9
Greece,2014,Escherichia coli,Fluoroquinolones,1105.0,32.8
Hungary,2010,Escherichia coli,Fluoroquinolones,1367.0,36.6
Hungary,2011,Escherichia coli,Fluoroquinolones,1213.0,31.2
Hungary,2012,Escherichia coli,Fluoroquinolones,1393.0,28.9
Hungary,2013,Escherichia coli,Fluoroquinolones,1432.0,30.3
Hungary,2014,Escherichia coli,Fluoroquinolones,1614.0,28.4
Iceland,2010,Escherichia coli,Fluoroquinolones,95.0,10.5
Iceland,2011,Escherichia coli,Fluoroquinolones,121.0,14.0
Iceland,2012,Escherichia coli,Fluoroquinolones,134.0,9.7
Iceland,2013,Escherichia coli,Fluoroquinolones,116.0,14.7
Iceland,2014,Escherichia coli,Fluoroquinolones,141.0,7.8
Ireland,2010,Escherichia coli,Fluoroquinolones,2117.0,22.9
Ireland,2011,Escherichia coli,Fluoroquinolones,2153.0,22.9
Ireland,2012,Escherichia coli,Fluoroquinolones,2380.0,24.3
Ireland,2013,Escherichia coli,Fluoroquinolones,2478.0,24.2
Ireland,2014,Escherichia coli,Fluoroquinolones,2703.0,24.5
Italy,2010,Escherichia coli,Fluoroquinolones,2436.0,39.2
Italy,2011,Escherichia coli,Fluoroquinolones,1899.0,40.5
Italy,2012,Escherichia coli,Fluoroquinolones,2920.0,42.1
Italy,2013,Escherichia coli,Fluoroquinolones,3928.0,42.2
Italy,2014,Escherichia coli,Fluoroquinolones,3647.0,43.9
Latvia,2010,Escherichia coli,Fluoroquinolones,97.0,14.4
Latvia,2011,Escherichia coli,Fluoroquinolones,131.0,16.8
Latvia,2012,Escherichia coli,Fluoroquinolones,152.0,14.5
Latvia,2013,Escherichia coli,Fluoroquinolones,134.0,18.7
Latvia,2014,Escherichia coli,Fluoroquinolones,181.0,17.7
Lithuania,2010,Escherichia coli,Fluoroquinolones,333.0,13.5
Lithuania,2011,Escherichia coli,Fluoroquinolones,381.0,12.9
Lithuania,2012,Escherichia coli,Fluoroquinolones,456.0,14.7
Lithuania,2013,Escherichia coli,Fluoroquinolones,431.0,16.0
Lithuania,2014,Escherichia coli,Fluoroquinolones,592.0,12.8
Luxembourg,2010,Escherichia coli,Fluoroquinolones,354.0,26.3
Luxembourg,2011,Escherichia coli,Fluoroquinolones,353.0,24.1
Luxembourg,2012,Escherichia coli,Fluoroquinolones,334.0,24.0
Luxembourg,2013,Escherichia coli,Fluoroquinolones,295.0,27.8
Luxembourg,2014,Escherichia coli,Fluoroquinolones,368.0,24.7
Malta,2010,Escherichia coli,Fluoroquinolones,192.0,34.4
Malta,2011,Escherichia coli,Fluoroquinolones,219.0,32.0
Malta,2012,Escherichia coli,Fluoroquinolones,216.0,31.9
Malta,2013,Escherichia coli,Fluoroquinolones,248.0,29.8
Malta,2014,Escherichia coli,Fluoroquinolones,279.0,29.0
Netherlands,2010,Escherichia coli,Fluoroquinolones,3409.0,13.6
Netherlands,2011,Escherichia coli,Fluoroquinolones,4427.0,14.3
Netherlands,2012,Escherichia coli,Fluoroquinolones,4697.0,15.5
Netherlands,2013,Escherichia coli,Fluoroquinolones,4730.0,14.1
Netherlands,2014,Escherichia coli,Fluoroquinolones,6444.0,13.3
Norway,2010,Escherichia coli,Fluoroquinolones,2267.0,8.7
Norway,2011,Escherichia coli,Fluoroquinolones,2505.0,9.0
Norway,2012,Escherichia coli,Fluoroquinolones,2843.0,11.3
Norway,2013,Escherichia coli,Fluoroquinolones,2975.0,10.9
Norway,2014,Escherichia coli,Fluoroquinolones,3415.0,11.0
Poland,2010,Escherichia coli,Fluoroquinolones,691.0,25.8
Poland,2011,Escherichia coli,Fluoroquinolones,1141.0,27.3
Poland,2012,Escherichia coli,Fluoroquinolones,1033.0,29.3
Poland,2013,Escherichia coli,Fluoroquinolones,1035.0,27.3
Poland,2014,Escherichia coli,Fluoroquinolones,,
Portugal,2010,Escherichia coli,Fluoroquinolones,1921.0,27.3
Portugal,2011,Escherichia coli,Fluoroquinolones,1917.0,27.2
Portugal,2012,Escherichia coli,Fluoroquinolones,2158.0,30.3
Portugal,2013,Escherichia coli,Fluoroquinolones,2685.0,31.6
Portugal,2014,Escherichia coli,Fluoroquinolones,5027.0,32.4
Romania,2010,Escherichia coli,Fluoroquinolones,33.0,24.2
Romania,2011,Escherichia coli,Fluoroquinolones,50.0,28.0
Romania,2012,Escherichia coli,Fluoroquinolones,186.0,29.0
Romania,2013,Escherichia coli,Fluoroquinolones,300.0,31.0
Romania,2014,Escherichia coli,Fluoroquinolones,307.0,31.3
Slovakia,2010,Escherichia coli,Fluoroquinolones,,
Slovakia,2011,Escherichia coli,Fluoroquinolones,739.0,41.8
Slovakia,2012,Escherichia coli,Fluoroquinolones,695.0,41.3
Slovakia,2013,Escherichia coli,Fluoroquinolones,808.0,40.3
Slovakia,2014,Escherichia coli,Fluoroquinolones,887.0,43.0
Slovenia,2010,Escherichia coli,Fluoroquinolones,952.0,19.3
Slovenia,2011,Escherichia coli,Fluoroquinolones,1002.0,20.7
Slovenia,2012,Escherichia coli,Fluoroquinolones,1168.0,21.4
Slovenia,2013,Escherichia coli,Fluoroquinolones,1224.0,19.9
Slovenia,2014,Escherichia coli,Fluoroquinolones,1216.0,23.3
Spain,2010,Escherichia coli,Fluoroquinolones,5696.0,32.8
Spain,2011,Escherichia coli,Fluoroquinolones,5597.0,34.5
Spain,2012,Escherichia coli,Fluoroquinolones,5654.0,33.9
Spain,2013,Escherichia coli,Fluoroquinolones,5926.0,34.9
Spain,2014,Escherichia coli,Fluoroquinolones,5818.0,34.0
Sweden,2010,Escherichia coli,Fluoroquinolones,2130.0,10.8
Sweden,2011,Escherichia coli,Fluoroquinolones,4367.0,9.5
Sweden,2012,Escherichia coli,Fluoroquinolones,5540.0,11.2
Sweden,2013,Escherichia coli,Fluoroquinolones,7356.0,11.6
Sweden,2014,Escherichia coli,Fluoroquinolones,5142.0,11.3
United Kingdom,2010,Escherichia coli,Fluoroquinolones,4815.0,17.3
United Kingdom,2011,Escherichia coli,Fluoroquinolones,5564.0,17.5
United Kingdom,2012,Escherichia coli,Fluoroquinolones,6241.0,16.6
United Kingdom,2013,Escherichia coli,Fluoroquinolones,6998.0,16.3
United Kingdom,2014,Escherichia coli,Fluoroquinolones,6919.0,16.8
Austria,2010,Klebsiella pneumoniae,3rd-gen cephalosporins,720.0,12.6
Austria,2011,Klebsiella pneumoniae,3rd-gen cephalosporins,795.0,13.3
Austria,2012,Klebsiella pneumoniae,3rd-gen cephalosporins,859.0,11.8
Austria,2013,Klebsiella pneumoniae,3rd-gen cephalosporins,941.0,10.7
Austria,2014,Klebsiella pneumoniae,3rd-gen cephalosporins,996.0,8.2
Belgium,2010,Klebsiella pneumoniae,3rd-gen cephalosporins,143.0,12.6
Belgium,2011,Klebsiella pneumoniae,3rd-gen cephalosporins,668.0,13.6
Belgium,2012,Klebsiella pneumoniae,3rd-gen cephalosporins,540.0,16.5
Belgium,2013,Klebsiella pneumoniae,3rd-gen cephalosporins,594.0,15.3
Belgium,2014,Klebsiella pneumoniae,3rd-gen cephalosporins,485.0,16.3
Bulgaria,2010,Klebsiella pneumoniae,3rd-gen cephalosporins,127.0,75.6
Bulgaria,2011,Klebsiella pneumoniae,3rd-gen cephalosporins,121.0,81.0
Bulgaria,2012,Klebsiella pneumoniae,3rd-gen cephalosporins,127.0,74.8
Bulgaria,2013,Klebsiella pneumoniae,3rd-gen cephalosporins,138.0,69.6
Bulgaria,2014,Klebsiella pneumoniae,3rd-gen cephalosporins,151.0,74.8
Croatia,2010,Klebsiella pneumoniae,3rd-gen cephalosporins,281.0,55.5
Croatia,2011,Klebsiella pneumoniae,3rd-gen cephalosporins,299.0,48.2
Croatia,2012,Klebsiella pneumoniae,3rd-gen cephalosporins,332.0,52.1
Croatia,2013,Klebsiella pneumoniae,3rd-gen cephalosporins,376.0,50.0
Croatia,2014,Klebsiella pneumoniae,3rd-gen cephalosporins,334.0,47.9
Cyprus,2010,Klebsiella pneumoniae,3rd-gen cephalosporins,67.0,34.3
Cyprus,2011,Klebsiella pneumoniae,3rd-gen cephalosporins,83.0,41.0
Cyprus,2012,Klebsiella pneumoniae,3rd-gen cephalosporins,65.0,23.1
Cyprus,2013,Klebsiella pneumoniae,3rd-gen cephalosporins,68.0,30.9
Cyprus,2014,Klebsiella pneumoniae,3rd-gen cephalosporins,80.0,32.5
Czech Republic,2010,Klebsiella pneumoniae,3rd-gen cephalosporins,1263.0,48.2
Czech Republic,2011,Klebsiella pneumoniae,3rd-gen cephalosporins,1287.0,48.3
Czech Republic,2012,Klebsiella pneumoniae,3rd-gen cephalosporins,1399.0,51.2
Czech Republic,2013,Klebsiella pneumoniae,3rd-gen cephalosporins,1291.0,52.0
Czech Republic,2014,Klebsiella pneumoniae,3rd-gen cephalosporins,1383.0,52.9
Denmark,2010,Klebsiella pneumoniae,3rd-gen cephalosporins,559.0,10.6
Denmark,2011,Klebsiella pneumoniae,3rd-gen cephalosporins,637.0,11.1
Denmark,2012,Klebsiella pneumoniae,3rd-gen cephalosporins,621.0,10.5
Denmark,2013,Klebsiella pneumoniae,3rd-gen cephalosporins,529.0,11.5
Denmark,2014,Klebsiella pneumoniae,3rd-gen cephalosporins,925.0,7.6
Estonia,2010,Klebsiella pneumoniae,3rd-gen cephalosporins,81.0,17.3
Estonia,2011,Klebsiella pneumoniae,3rd-gen cephalosporins,43.0,39.5
Estonia,2012,Klebsiella pneumoniae,3rd-gen cephalosporins,90.0,17.8
Estonia,2013,Klebsiella pneumoniae,3rd-gen cephalosporins,90.0,23.3
Estonia,2014,Klebsiella pneumoniae,3rd-gen cephalosporins,135.0,20.7
Finland,2010,Klebsiella pneumoniae,3rd-gen cephalosporins,397.0,4.0
Finland,2011,Klebsiella pneumoniae,3rd-gen cephalosporins,404.0,2.5
Finland,2012,Klebsiella pneumoniae,3rd-gen cephalosporins,536.0,1.7
Finland,2013,Klebsiella pneumoniae,3rd-gen cephalosporins,546.0,2.2
Finland,2014,Klebsiella pneumoniae,3rd-gen cephalosporins,582.0,2.4
France,2010,Klebsiella pneumoniae,3rd-gen cephalosporins,1542.0,17.8
France,2011,Klebsiella pneumoniae,3rd-gen cephalosporins,1654.0,25.3
France,2012,Klebsiella pneumoniae,3rd-gen cephalosporins,1711.0,22.6
France,2013,Klebsiella pneumoniae,3rd-gen cephalosporins,1938.0,28.0
France,2014,Klebsiella pneumoniae,3rd-gen cephalosporins,2192.0,29.6
Germany,2010,Klebsiella pneumoniae,3rd-gen cephalosporins,478.0,12.8
Germany,2011,Klebsiella pneumoniae,3rd-gen cephalosporins,519.0,12.5
Germany,2012,Klebsiella pneumoniae,3rd-gen cephalosporins,664.0,13.0
Germany,2013,Klebsiella pneumoniae,3rd-gen cephalosporins,746.0,16.0
Germany,2014,Klebsiella pneumoniae,3rd-gen cephalosporins,1006.0,12.7
Greece,2010,Klebsiella pneumoniae,3rd-gen cephalosporins,1686.0,74.6
Greece,2011,Klebsiella pneumoniae,3rd-gen cephalosporins,1665.0,75.8
Greece,2012,Klebsiella pneumoniae,3rd-gen cephalosporins,1459.0,70.9
Greece,2013,Klebsiella pneumoniae,3rd-gen cephalosporins,1208.0,70.1
Greece,2014,Klebsiella pneumoniae,3rd-gen cephalosporins,1092.0,72.5
Hungary,2010,Klebsiella pneumoniae,3rd-gen cephalosporins,512.0,45.9
Hungary,2011,Klebsiella pneumoniae,3rd-gen cephalosporins,431.0,53.1
Hungary,2012,Klebsiella pneumoniae,3rd-gen cephalosporins,500.0,43.0
Hungary,2013,Klebsiella pneumoniae,3rd-gen cephalosporins,557.0,37.3
Hungary,2014,Klebsiella pneumoniae,3rd-gen cephalosporins,644.0,35.6
Iceland,2010,Klebsiella pneumoniae,3rd-gen cephalosporins,27.0,3.7
Iceland,2011,Klebsiella pneumoniae,3rd-gen cephalosporins,26.0,7.7
Iceland,2012,Klebsiella pneumoniae,3rd-gen cephalosporins,14.0,21.4
Iceland,2013,Klebsiella pneumoniae,3rd-gen cephalosporins,30.0,0.0
Iceland,2014,Klebsiella pneumoniae,3rd-gen cephalosporins,28.0,0.0
Ireland,2010,Klebsiella pneumoniae,3rd-gen cephalosporins,318.0,8.5
Ireland,2011,Klebsiella pneumoniae,3rd-gen cephalosporins,304.0,7.6
Ireland,2012,Klebsiella pneumoniae,3rd-gen cephalosporins,326.0,9.5
Ireland,2013,Klebsiella pneumoniae,3rd-gen cephalosporins,316.0,19.3
Ireland,2014,Klebsiella pneumoniae,3rd-gen cephalosporins,354.0,11.6
Italy,2010,Klebsiella pneumoniae,3rd-gen cephalosporins,701.0,46.5
Italy,2011,Klebsiella pneumoniae,3rd-gen cephalosporins,627.0,45.9
Italy,2012,Klebsiella pneumoniae,3rd-gen cephalosporins,852.0,47.9
Italy,2013,Klebsiella pneumoniae,3rd-gen cephalosporins,1441.0,55.1
Italy,2014,Klebsiella pneumoniae,3rd-gen cephalosporins,1319.0,56.5
Latvia,2010,Klebsiella pneumoniae,3rd-gen cephalosporins,64.0,54.7
Latvia,2011,Klebsiella pneumoniae,3rd-gen cephalosporins,65.0,38.5
Latvia,2012,Klebsiella pneumoniae,3rd-gen cephalosporins,78.0,62.8
Latvia,2013,Klebsiella pneumoniae,3rd-gen cephalosporins,92.0,66.3
Latvia,2014,Klebsiella pneumoniae,3rd-gen cephalosporins,104.0,52.9
Lithuania,2010,Klebsiella pneumoniae,3rd-gen cephalosporins,81.0,50.6
Lithuania,2011,Klebsiella pneumoniae,3rd-gen cephalosporins,137.0,60.6
Lithuania,2012,Klebsiella pneumoniae,3rd-gen cephalosporins,186.0,64.0
Lithuania,2013,Klebsiella pneumoniae,3rd-gen cephalosporins,145.0,44.1
Lithuania,2014,Klebsiella pneumoniae,3rd-gen cephalosporins,154.0,52.6
Luxembourg,2010,Klebsiella pneumoniae,3rd-gen cephalosporins,59.0,5.1
Luxembourg,2011,Klebsiella pneumoniae,3rd-gen cephalosporins,48.0,35.4
Luxembourg,2012,Klebsiella pneumoniae,3rd-gen cephalosporins,50.0,34.0
Luxembourg,2013,Klebsiella pneumoniae,3rd-gen cephalosporins,53.0,34.0
Luxembourg,2014,Klebsiella pneumoniae,3rd-gen cephalosporins,66.0,34.8
Malta,2010,Klebsiella pneumoniae,3rd-gen cephalosporins,57.0,12.3
Malta,2011,Klebsiella pneumoniae,3rd-gen cephalosporins,52.0,13.5
Malta,2012,Klebsiella pneumoniae,3rd-gen cephalosporins,57.0,26.3
Malta,2013,Klebsiella pneumoniae,3rd-gen cephalosporins,69.0,27.5
Malta,2014,Klebsiella pneumoniae,3rd-gen cephalosporins,101.0,29.7
Netherlands,2010,Klebsiella pneumoniae,3rd-gen cephalosporins,641.0,7.2
Netherlands,2011,Klebsiella pneumoniae,3rd-gen cephalosporins,720.0,8.1
Netherlands,2012,Klebsiella pneumoniae,3rd-gen cephalosporins,683.0,6.7
Netherlands,2013,Klebsiella pneumoniae,3rd-gen cephalosporins,644.0,7.5
Netherlands,2014,Klebsiella pneumoniae,3rd-gen cephalosporins,911.0,5.5
Norway,2010,Klebsiella pneumoniae,3rd-gen cephalosporins,479.0,2.1
Norway,2011,Klebsiella pneumoniae,3rd-gen cephalosporins,421.0,2.9
Norway,2012,Klebsiella pneumoniae,3rd-gen cephalosporins,621.0,3.2
Norway,2013,Klebsiella pneumoniae,3rd-gen cephalosporins,645.0,4.0
Norway,2014,Klebsiella pneumoniae,3rd-gen cephalosporins,746.0,5.9
Poland,2010,Klebsiella pneumoniae,3rd-gen cephalosporins,232.0,39.7
Poland,2011,Klebsiella pneumoniae,3rd-gen cephalosporins,278.0,59.7
Poland,2012,Klebsiella pneumoniae,3rd-gen cephalosporins,362.0,60.5
Poland,2013,Klebsiella pneumoniae,3rd-gen cephalosporins,376.0,65.2
Poland,2014,Klebsiella pneumoniae,3rd-gen cephalosporins,,
Portugal,2010,Klebsiella pneumoniae,3rd-gen cephalosporins,580.0,28.3
Portugal,2011,Klebsiella pneumoniae,3rd-gen cephalosporins,616.0,35.4
Portugal,2012,Klebsiella pneumoniae,3rd-gen cephalosporins,781.0,38.7
Portugal,2013,Klebsiella pneumoniae,3rd-gen cephalosporins,911.0,37.0
Portugal,2014,Klebsiella pneumoniae,3rd-gen cephalosporins,1712.0,40.9
Romania,2010,Klebsiella pneumoniae,3rd-gen cephalosporins,17.0,70.6
Romania,2011,Klebsiella pneumoniae,3rd-gen cephalosporins,25.0,44.0
Romania,2012,Klebsiella pneumoniae,3rd-gen cephalosporins,102.0,60.8
Romania,2013,Klebsiella pneumoniae,3rd-gen cephalosporins,214.0,67.3
Romania,2014,Klebsiella pneumoniae,3rd-gen cephalosporins,256.0,73.8
Slovakia,2010,Klebsiella pneumoniae,3rd-gen cephalosporins,,
Slovakia,2011,Klebsiella pneumoniae,3rd-gen cephalosporins,466.0,68.2
Slovakia,2012,Klebsiella pneumoniae,3rd-gen cephalosporins,378.0,62.7
Slovakia,2013,Klebsiella pneumoniae,3rd-gen cephalosporins,488.0,66.4
Slovakia,2014,Klebsiella pneumoniae,3rd-gen cephalosporins,493.0,69.4
Slovenia,2010,Klebsiella pneumoniae,3rd-gen cephalosporins,196.0,22.4
Slovenia,2011,Klebsiella pneumoniae,3rd-gen cephalosporins,232.0,30.2
Slovenia,2012,Klebsiella pneumoniae,3rd-gen cephalosporins,254.0,28.3
Slovenia,2013,Klebsiella pneumoniae,3rd-gen cephalosporins,245.0,29.0
Slovenia,2014,Klebsiella pneumoniae,3rd-gen cephalosporins,233.0,26.6
Spain,2010,Klebsiella pneumoniae,3rd-gen cephalosporins,1161.0,10.2
Spain,2011,Klebsiella pneumoniae,3rd-gen cephalosporins,1145.0,13.4
Spain,2012,Klebsiella pneumoniae,3rd-gen cephalosporins,1153.0,16.7
Spain,2013,Klebsiella pneumoniae,3rd-gen cephalosporins,1241.0,19.8
Spain,2014,Klebsiella pneumoniae,3rd-gen cephalosporins,1265.0,18.0
Sweden,2010,Klebsiella pneumoniae,3rd-gen cephalosporins,700.0,1.7
Sweden,2011,Klebsiella pneumoniae,3rd-gen cephalosporins,934.0,2.1
Sweden,2012,Klebsiella pneumoniae,3rd-gen cephalosporins,976.0,2.8
Sweden,2013,Klebsiella pneumoniae,3rd-gen cephalosporins,1300.0,3.6
Sweden,2014,Klebsiella pneumoniae,3rd-gen cephalosporins,1000.0,4.5
United Kingdom,2010,Klebsiella pneumoniae,3rd-gen cephalosporins,743.0,9.7
United Kingdom,2011,Klebsiella pneumoniae,3rd-gen cephalosporins,935.0,5.3
United Kingdom,2012,Klebsiella pneumoniae,3rd-gen cephalosporins,931.0,11.8
United Kingdom,2013,Klebsiella pneumoniae,3rd-gen cephalosporins,1077.0,13.6
United Kingdom,2014,Klebsiella pneumoniae,3rd-gen cephalosporins,977.0,9.3
Austria,2010,Klebsiella pneumoniae,Aminoglycosides,720.0,5.6
Austria,2011,Klebsiella pneumoniae,Aminoglycosides,790.0,7.2
Austria,2012,Klebsiella pneumoniae,Aminoglycosides,858.0,5.4
Austria,2013,Klebsiella pneumoniae,Aminoglycosides,947.0,5.3
Austria,2014,Klebsiella pneumoniae,Aminoglycosides,994.0,5.5
Belgium,2010,Klebsiella pneumoniae,Aminoglycosides,133.0,2.3
Belgium,2011,Klebsiella pneumoniae,Aminoglycosides,608.0,8.1
Belgium,2012,Klebsiella pneumoniae,Aminoglycosides,503.0,10.7
Belgium,2013,Klebsiella pneumoniae,Aminoglycosides,600.0,9.8
Belgium,2014,Klebsiella pneumoniae,Aminoglycosides,375.0,10.1
Bulgaria,2010,Klebsiella pneumoniae,Aminoglycosides,127.0,68.5
Bulgaria,2011,Klebsiella pneumoniae,Aminoglycosides,120.0,71.7
Bulgaria,2012,Klebsiella pneumoniae,Aminoglycosides,127.0,54.3
Bulgaria,2013,Klebsiella pneumoniae,Aminoglycosides,138.0,56.5
Bulgaria,2014,Klebsiella pneumoniae,Aminoglycosides,151.0,63.6
Croatia,2010,Klebsiella pneumoniae,Aminoglycosides,281.0,49.5
Croatia,2011,Klebsiella pneumoniae,Aminoglycosides,300.0,44.0
Croatia,2012,Klebsiella pneumoniae,Aminoglycosides,332.0,46.1
Croatia,2013,Klebsiella pneumoniae,Aminoglycosides,376.0,50.5
Croatia,2014,Klebsiella pneumoniae,Aminoglycosides,334.0,49.1
Cyprus,2010,Klebsiella pneumoniae,Aminoglycosides,67.0,19.4
Cyprus,2011,Klebsiella pneumoniae,Aminoglycosides,83.0,27.7
Cyprus,2012,Klebsiella pneumoniae,Aminoglycosides,65.0,18.5
Cyprus,2013,Klebsiella pneumoniae,Aminoglycosides,68.0,25.0
Cyprus,2014,Klebsiella pneumoniae,Aminoglycosides,80.0,28.8
Czech Republic,2010,Klebsiella pneumoniae,Aminoglycosides,1245.0,46.7
Czech Republic,2011,Klebsiella pneumoniae,Aminoglycosides,1283.0,44.7
Czech Republic,2012,Klebsiella pneumoniae,Aminoglycosides,1399.0,54.4
Czech Republic,2013,Klebsiella pneumoniae,Aminoglycosides,1291.0,51.0
Czech Republic,2014,Klebsiella pneumoniae,Aminoglycosides,1383.0,50.7
Denmark,2010,Klebsiella pneumoniae,Aminoglycosides,799.0,6.1
Denmark,2011,Klebsiella pneumoniae,Aminoglycosides,908.0,5.8
Denmark,2012,Klebsiella pneumoniae,Aminoglycosides,902.0,6.0
Denmark,2013,Klebsiella pneumoniae,Aminoglycosides,864.0,4.4
Denmark,2014,Klebsiella pneumoniae,Aminoglycosides,943.0,4.9
Estonia,2010,Klebsiella pneumoniae,Aminoglycosides,66.0,25.8
Estonia,2011,Klebsiella pneumoniae,Aminoglycosides,90.0,12.2
Estonia,2012,Klebsiella pneumoniae,Aminoglycosides,91.0,13.2
Estonia,2013,Klebsiella pneumoniae,Aminoglycosides,91.0,9.9
Estonia,2014,Klebsiella pneumoniae,Aminoglycosides,136.0,19.1
Finland,2010,Klebsiella pneumoniae,Aminoglycosides,372.0,3.8
Finland,2011,Klebsiella pneumoniae,Aminoglycosides,404.0,1.2
Finland,2012,Klebsiella pneumoniae,Aminoglycosides,516.0,0.4
Finland,2013,Klebsiella pneumoniae,Aminoglycosides,523.0,1.5
Finland,2014,Klebsiella pneumoniae,Aminoglycosides,559.0,2.3
France,2010,Klebsiella pneumoniae,Aminoglycosides,1542.0,17.7
France,2011,Klebsiella pneumoniae,Aminoglycosides,1688.0,23.6
France,2012,Klebsiella pneumoniae,Aminoglycosides,1119.0,23.6
France,2013,Klebsiella pneumoniae,Aminoglycosides,1938.0,26.7
France,2014,Klebsiella pneumoniae,Aminoglycosides,2191.0,27.8
Germany,2010,Klebsiella pneumoniae,Aminoglycosides,478.0,10.5
Germany,2011,Klebsiella pneumoniae,Aminoglycosides,518.0,8.9
Germany,2012,Klebsiella pneumoniae,Aminoglycosides,663.0,8.3
Germany,2013,Klebsiella pneumoniae,Aminoglycosides,743.0,9.6
Germany,2014,Klebsiella pneumoniae,Aminoglycosides,1006.0,7.1
Greece,2010,Klebsiella pneumoniae,Aminoglycosides,1687.0,61.7
Greece,2011,Klebsiella pneumoniae,Aminoglycosides,1649.0,69.0
Greece,2012,Klebsiella pneumoniae,Aminoglycosides,1432.0,62.9
Greece,2013,Klebsiella pneumoniae,Aminoglycosides,1171.0,59.0
Greece,2014,Klebsiella pneumoniae,Aminoglycosides,1069.0,61.1
Hungary,2010,Klebsiella pneumoniae,Aminoglycosides,514.0,47.9
Hungary,2011,Klebsiella pneumoniae,Aminoglycosides,430.0,53.0
Hungary,2012,Klebsiella pneumoniae,Aminoglycosides,500.0,41.0
Hungary,2013,Klebsiella pneumoniae,Aminoglycosides,556.0,36.9
Hungary,2014,Klebsiella pneumoniae,Aminoglycosides,639.0,32.1
Iceland,2010,Klebsiella pneumoniae,Aminoglycosides,27.0,0.0
Iceland,2011,Klebsiella pneumoniae,Aminoglycosides,26.0,0.0
Iceland,2012,Klebsiella pneumoniae,Aminoglycosides,16.0,0.0
Iceland,2013,Klebsiella pneumoniae,Aminoglycosides,30.0,0.0
Iceland,2014,Klebsiella pneumoniae,Aminoglycosides,28.0,3.6
Ireland,2010,Klebsiella pneumoniae,Aminoglycosides,318.0,6.9
Ireland,2011,Klebsiella pneumoniae,Aminoglycosides,304.0,7.6
Ireland,2012,Klebsiella pneumoniae,Aminoglycosides,338.0,9.2
Ireland,2013,Klebsiella pneumoniae,Aminoglycosides,317.0,17.4
Ireland,2014,Klebsiella pneumoniae,Aminoglycosides,355.0,12.1
Italy,2010,Klebsiella pneumoniae,Aminoglycosides,735.0,29.1
Italy,2011,Klebsiella pneumoniae,Aminoglycosides,661.0,34.6
Italy,2012,Klebsiella pneumoniae,Aminoglycosides,868.0,42.4
Italy,2013,Klebsiella pneumoniae,Aminoglycosides,1438.0,44.9
Italy,2014,Klebsiella pneumoniae,Aminoglycosides,1211.0,48.6
Latvia,2010,Klebsiella pneumoniae,Aminoglycosides,64.0,54.7
Latvia,2011,Klebsiella pneumoniae,Aminoglycosides,65.0,33.8
Latvia,2012,Klebsiella pneumoniae,Aminoglycosides,78.0,51.3
Latvia,2013,Klebsiella pneumoniae,Aminoglycosides,92.0,48.9
Latvia,2014,Klebsiella pneumoniae,Aminoglycosides,118.0,44.1
Lithuania,2010,Klebsiella pneumoniae,Aminoglycosides,81.0,51.9
Lithuania,2011,Klebsiella pneumoniae,Aminoglycosides,137.0,55.5
Lithuania,2012,Klebsiella pneumoniae,Aminoglycosides,186.0,63.4
Lithuania,2013,Klebsiella pneumoniae,Aminoglycosides,145.0,47.6
Lithuania,2014,Klebsiella pneumoniae,Aminoglycosides,154.0,48.7
Luxembourg,2010,Klebsiella pneumoniae,Aminoglycosides,59.0,5.1
Luxembourg,2011,Klebsiella pneumoniae,Aminoglycosides,48.0,29.2
Luxembourg,2012,Klebsiella pneumoniae,Aminoglycosides,50.0,26.0
Luxembourg,2013,Klebsiella pneumoniae,Aminoglycosides,53.0,28.3
Luxembourg,2014,Klebsiella pneumoniae,Aminoglycosides,66.0,19.7
Malta,2010,Klebsiella pneumoniae,Aminoglycosides,57.0,12.3
Malta,2011,Klebsiella pneumoniae,Aminoglycosides,52.0,9.6
Malta,2012,Klebsiella pneumoniae,Aminoglycosides,57.0,26.3
Malta,2013,Klebsiella pneumoniae,Aminoglycosides,69.0,26.1
Malta,2014,Klebsiella pneumoniae,Aminoglycosides,101.0,29.7
Netherlands,2010,Klebsiella pneumoniae,Aminoglycosides,644.0,6.5
Netherlands,2011,Klebsiella pneumoniae,Aminoglycosides,729.0,8.1
Netherlands,2012,Klebsiella pneumoniae,Aminoglycosides,685.0,6.3
Netherlands,2013,Klebsiella pneumoniae,Aminoglycosides,653.0,6.1
Netherlands,2014,Klebsiella pneumoniae,Aminoglycosides,900.0,3.9
Norway,2010,Klebsiella pneumoniae,Aminoglycosides,471.0,1.7
Norway,2011,Klebsiella pneumoniae,Aminoglycosides,426.0,2.8
Norway,2012,Klebsiella pneumoniae,Aminoglycosides,622.0,2.4
Norway,2013,Klebsiella pneumoniae,Aminoglycosides,644.0,2.3
Norway,2014,Klebsiella pneumoniae,Aminoglycosides,744.0,4.8
Poland,2010,Klebsiella pneumoniae,Aminoglycosides,231.0,31.2
Poland,2011,Klebsiella pneumoniae,Aminoglycosides,383.0,47.5
Poland,2012,Klebsiella pneumoniae,Aminoglycosides,369.0,51.8
Poland,2013,Klebsiella pneumoniae,Aminoglycosides,380.0,58.4
Poland,2014,Klebsiella pneumoniae,Aminoglycosides,,
Portugal,2010,Klebsiella pneumoniae,Aminoglycosides,596.0,26.8
Portugal,2011,Klebsiella pneumoniae,Aminoglycosides,619.0,31.5
Portugal,2012,Klebsiella pneumoniae,Aminoglycosides,780.0,31.8
Portugal,2013,Klebsiella pneumoniae,Aminoglycosides,912.0,30.3
Portugal,2014,Klebsiella pneumoniae,Aminoglycosides,1706.0,31.3
Romania,2010,Klebsiella pneumoniae,Aminoglycosides,17.0,70.6
Romania,2011,Klebsiella pneumoniae,Aminoglycosides,10.0,50.0
Romania,2012,Klebsiella pneumoniae,Aminoglycosides,99.0,54.5
Romania,2013,Klebsiella pneumoniae,Aminoglycosides,213.0,57.3
Romania,2014,Klebsiella pneumoniae,Aminoglycosides,251.0,67.3
Slovakia,2010,Klebsiella pneumoniae,Aminoglycosides,,
Slovakia,2011,Klebsiella pneumoniae,Aminoglycosides,466.0,66.3
Slovakia,2012,Klebsiella pneumoniae,Aminoglycosides,378.0,63.0
Slovakia,2013,Klebsiella pneumoniae,Aminoglycosides,489.0,64.0
Slovakia,2014,Klebsiella pneumoniae,Aminoglycosides,494.0,68.2
Slovenia,2010,Klebsiella pneumoniae,Aminoglycosides,196.0,23.0
Slovenia,2011,Klebsiella pneumoniae,Aminoglycosides,232.0,22.0
Slovenia,2012,Klebsiella pneumoniae,Aminoglycosides,254.0,20.5
Slovenia,2013,Klebsiella pneumoniae,Aminoglycosides,245.0,20.0
Slovenia,2014,Klebsiella pneumoniae,Aminoglycosides,233.0,20.2
Spain,2010,Klebsiella pneumoniae,Aminoglycosides,1161.0,8.7
Spain,2011,Klebsiella pneumoniae,Aminoglycosides,1145.0,10.5
Spain,2012,Klebsiella pneumoniae,Aminoglycosides,1153.0,14.1
Spain,2013,Klebsiella pneumoniae,Aminoglycosides,1241.0,16.0
Spain,2014,Klebsiella pneumoniae,Aminoglycosides,1266.0,13.9
Sweden,2010,Klebsiella pneumoniae,Aminoglycosides,642.0,1.2
Sweden,2011,Klebsiella pneumoniae,Aminoglycosides,800.0,1.8
Sweden,2012,Klebsiella pneumoniae,Aminoglycosides,976.0,2.5
Sweden,2013,Klebsiella pneumoniae,Aminoglycosides,1235.0,2.9
Sweden,2014,Klebsiella pneumoniae,Aminoglycosides,860.0,3.3
United Kingdom,2010,Klebsiella pneumoniae,Aminoglycosides,797.0,4.9
United Kingdom,2011,Klebsiella pneumoniae,Aminoglycosides,979.0,4.3
United Kingdom,2012,Klebsiella pneumoniae,Aminoglycosides,1059.0,6.1
United Kingdom,2013,Klebsiella pneumoniae,Aminoglycosides,1163.0,6.5
United Kingdom,2014,Klebsiella pneumoniae,Aminoglycosides,1173.0,5.7
Austria,2010,Klebsiella pneumoniae,Carbapenems,509.0,0.6
Austria,2011,Klebsiella pneumoniae,Carbapenems,610.0,0.2
Austria,2012,Klebsiella pneumoniae,Carbapenems,738.0,0.8
Austria,2013,Klebsiella pneumoniae,Carbapenems,910.0,1.2
Austria,2014,Klebsiella pneumoniae,Carbapenems,971.0,0.6
Belgium,2010,Klebsiella pneumoniae,Carbapenems,116.0,0.0
Belgium,2011,Klebsiella pneumoniae,Carbapenems,646.0,0.3
Belgium,2012,Klebsiella pneumoniae,Carbapenems,545.0,0.7
Belgium,2013,Klebsiella pneumoniae,Carbapenems,618.0,0.3
Belgium,2014,Klebsiella pneumoniae,Carbapenems,429.0,0.5
Bulgaria,2010,Klebsiella pneumoniae,Carbapenems,126.0,0.0
Bulgaria,2011,Klebsiella pneumoniae,Carbapenems,116.0,0.0
Bulgaria,2012,Klebsiella pneumoniae,Carbapenems,108.0,1.9
Bulgaria,2013,Klebsiella pneumoniae,Carbapenems,129.0,0.0
Bulgaria,2014,Klebsiella pneumoniae,Carbapenems,139.0,7.2
Croatia,2010,Klebsiella pneumoniae,Carbapenems,279.0,2.2
Croatia,2011,Klebsiella pneumoniae,Carbapenems,299.0,0.0
Croatia,2012,Klebsiella pneumoniae,Carbapenems,331.0,0.0
Croatia,2013,Klebsiella pneumoniae,Carbapenems,376.0,0.5
Croatia,2014,Klebsiella pneumoniae,Carbapenems,334.0,0.9
Cyprus,2010,Klebsiella pneumoniae,Carbapenems,67.0,16.4
Cyprus,2011,Klebsiella pneumoniae,Carbapenems,83.0,15.7
Cyprus,2012,Klebsiella pneumoniae,Carbapenems,65.0,9.2
Cyprus,2013,Klebsiella pneumoniae,Carbapenems,68.0,5.9
Cyprus,2014,Klebsiella pneumoniae,Carbapenems,80.0,5.0
Czech Republic,2010,Klebsiella pneumoniae,Carbapenems,1103.0,0.1
Czech Republic,2011,Klebsiella pneumoniae,Carbapenems,1193.0,0.1
Czech Republic,2012,Klebsiella pneumoniae,Carbapenems,1307.0,0.3
Czech Republic,2013,Klebsiella pneumoniae,Carbapenems,1133.0,0.5
Czech Republic,2014,Klebsiella pneumoniae,Carbapenems,1148.0,0.1
Denmark,2010,Klebsiella pneumoniae,Carbapenems,491.0,0.0
Denmark,2011,Klebsiella pneumoniae,Carbapenems,589.0,0.0
Denmark,2012,Klebsiella pneumoniae,Carbapenems,680.0,0.3
Denmark,2013,Klebsiella pneumoniae,Carbapenems,645.0,0.2
Denmark,2014,Klebsiella pneumoniae,Carbapenems,830.0,0.2
Estonia,2010,Klebsiella pneumoniae,Carbapenems,66.0,0.0
Estonia,2011,Klebsiella pneumoniae,Carbapenems,73.0,0.0
Estonia,2012,Klebsiella pneumoniae,Carbapenems,79.0,1.3
Estonia,2013,Klebsiella pneumoniae,Carbapenems,74.0,2.7
Estonia,2014,Klebsiella pneumoniae,Carbapenems,92.0,0.0
Finland,2010,Klebsiella pneumoniae,Carbapenems,391.0,0.0
Finland,2011,Klebsiella pneumoniae,Carbapenems,404.0,0.0
Finland,2012,Klebsiella pneumoniae,Carbapenems,536.0,0.0
Finland,2013,Klebsiella pneumoniae,Carbapenems,546.0,0.0
Finland,2014,Klebsiella pneumoniae,Carbapenems,583.0,0.0
France,2010,Klebsiella pneumoniae,Carbapenems,1432.0,0.1
France,2011,Klebsiella pneumoniae,Carbapenems,1640.0,0.0
France,2012,Klebsiella pneumoniae,Carbapenems,1627.0,0.5
France,2013,Klebsiella pneumoniae,Carbapenems,1842.0,0.7
France,2014,Klebsiella pneumoniae,Carbapenems,2103.0,0.5
Germany,2010,Klebsiella pneumoniae,Carbapenems,464.0,0.0
Germany,2011,Klebsiella pneumoniae,Carbapenems,512.0,0.0
Germany,2012,Klebsiella pneumoniae,Carbapenems,661.0,0.0
Germany,2013,Klebsiella pneumoniae,Carbapenems,743.0,0.7
Germany,2014,Klebsiella pneumoniae,Carbapenems,1006.0,0.7
Greece,2010,Klebsiella pneumoniae,Carbapenems,1687.0,49.1
Greece,2011,Klebsiella pneumoniae,Carbapenems,1636.0,68.2
Greece,2012,Klebsiella pneumoniae,Carbapenems,1460.0,60.5
Greece,2013,Klebsiella pneumoniae,Carbapenems,1209.0,59.4
Greece,2014,Klebsiella pneumoniae,Carbapenems,1088.0,62.3
Hungary,2010,Klebsiella pneumoniae,Carbapenems,491.0,5.5
Hungary,2011,Klebsiella pneumoniae,Carbapenems,413.0,1.9
Hungary,2012,Klebsiella pneumoniae,Carbapenems,481.0,2.9
Hungary,2013,Klebsiella pneumoniae,Carbapenems,531.0,1.7
Hungary,2014,Klebsiella pneumoniae,Carbapenems,621.0,1.1
Iceland,2010,Klebsiella pneumoniae,Carbapenems,27.0,0.0
Iceland,2011,Klebsiella pneumoniae,Carbapenems,24.0,0.0
Iceland,2012,Klebsiella pneumoniae,Carbapenems,16.0,0.0
Iceland,2013,Klebsiella pneumoniae,Carbapenems,30.0,0.0
Iceland,2014,Klebsiella pneumoniae,Carbapenems,25.0,0.0
Ireland,2010,Klebsiella pneumoniae,Carbapenems,301.0,0.0
Ireland,2011,Klebsiella pneumoniae,Carbapenems,302.0,0.3
Ireland,2012,Klebsiella pneumoniae,Carbapenems,338.0,0.0
Ireland,2013,Klebsiella pneumoniae,Carbapenems,317.0,0.3
Ireland,2014,Klebsiella pneumoniae,Carbapenems,353.0,0.6
Italy,2010,Klebsiella pneumoniae,Carbapenems,731.0,15.2
Italy,2011,Klebsiella pneumoniae,Carbapenems,615.0,26.7
Italy,2012,Klebsiella pneumoniae,Carbapenems,845.0,29.1
Italy,2013,Klebsiella pneumoniae,Carbapenems,1453.0,34.3
Italy,2014,Klebsiella pneumoniae,Carbapenems,1315.0,32.9
Latvia,2010,Klebsiella pneumoniae,Carbapenems,63.0,0.0
Latvia,2011,Klebsiella pneumoniae,Carbapenems,65.0,0.0
Latvia,2012,Klebsiella pneumoniae,Carbapenems,77.0,0.0
Latvia,2013,Klebsiella pneumoniae,Carbapenems,92.0,0.0
Latvia,2014,Klebsiella pneumoniae,Carbapenems,118.0,1.7
Lithuania,2010,Klebsiella pneumoniae,Carbapenems,43.0,0.0
Lithuania,2011,Klebsiella pneumoniae,Carbapenems,19.0,0.0
Lithuania,2012,Klebsiella pneumoniae,Carbapenems,185.0,0.0
Lithuania,2013,Klebsiella pneumoniae,Carbapenems,144.0,0.0
Lithuania,2014,Klebsiella pneumoniae,Carbapenems,154.0,1.3
Luxembourg,2010,Klebsiella pneumoniae,Carbapenems,57.0,0.0
Luxembourg,2011,Klebsiella pneumoniae,Carbapenems,48.0,0.0
Luxembourg,2012,Klebsiella pneumoniae,Carbapenems,48.0,0.0
Luxembourg,2013,Klebsiella pneumoniae,Carbapenems,53.0,1.9
Luxembourg,2014,Klebsiella pneumoniae,Carbapenems,66.0,1.5
Malta,2010,Klebsiella pneumoniae,Carbapenems,57.0,0.0
Malta,2011,Klebsiella pneumoniae,Carbapenems,52.0,3.8
Malta,2012,Klebsiella pneumoniae,Carbapenems,57.0,3.5
Malta,2013,Klebsiella pneumoniae,Carbapenems,69.0,5.8
Malta,2014,Klebsiella pneumoniae,Carbapenems,101.0,9.9
Netherlands,2010,Klebsiella pneumoniae,Carbapenems,640.0,0.3
Netherlands,2011,Klebsiella pneumoniae,Carbapenems,722.0,0.3
Netherlands,2012,Klebsiella pneumoniae,Carbapenems,684.0,0.1
Netherlands,2013,Klebsiella pneumoniae,Carbapenems,646.0,0.2
Netherlands,2014,Klebsiella pneumoniae,Carbapenems,903.0,0.2
Norway,2010,Klebsiella pneumoniae,Carbapenems,448.0,0.0
Norway,2011,Klebsiella pneumoniae,Carbapenems,443.0,0.0
Norway,2012,Klebsiella pneumoniae,Carbapenems,623.0,0.5
Norway,2013,Klebsiella pneumoniae,Carbapenems,645.0,0.2
Norway,2014,Klebsiella pneumoniae,Carbapenems,746.0,0.0
Poland,2010,Klebsiella pneumoniae,Carbapenems,238.0,0.0
Poland,2011,Klebsiella pneumoniae,Carbapenems,376.0,0.5
Poland,2012,Klebsiella pneumoniae,Carbapenems,359.0,0.8
Poland,2013,Klebsiella pneumoniae,Carbapenems,370.0,0.8
Poland,2014,Klebsiella pneumoniae,Carbapenems,,
Portugal,2010,Klebsiella pneumoniae,Carbapenems,443.0,1.4
Portugal,2011,Klebsiella pneumoniae,Carbapenems,580.0,0.3
Portugal,2012,Klebsiella pneumoniae,Carbapenems,749.0,0.7
Portugal,2013,Klebsiella pneumoniae,Carbapenems,904.0,1.8
Portugal,2014,Klebsiella pneumoniae,Carbapenems,1701.0,1.8
Romania,2010,Klebsiella pneumoniae,Carbapenems,14.0,0.0
Romania,2011,Klebsiella pneumoniae,Carbapenems,10.0,0.0
Romania,2012,Klebsiella pneumoniae,Carbapenems,102.0,13.7
Romania,2013,Klebsiella pneumoniae,Carbapenems,215.0,20.5
Romania,2014,Klebsiella pneumoniae,Carbapenems,257.0,31.5
Slovakia,2010,Klebsiella pneumoniae,Carbapenems,,
Slovakia,2011,Klebsiella pneumoniae,Carbapenems,434.0,0.7
Slovakia,2012,Klebsiella pneumoniae,Carbapenems,331.0,6.3
Slovakia,2013,Klebsiella pneumoniae,Carbapenems,342.0,0.6
Slovakia,2014,Klebsiella pneumoniae,Carbapenems,456.0,2.6
Slovenia,2010,Klebsiella pneumoniae,Carbapenems,195.0,0.5
Slovenia,2011,Klebsiella pneumoniae,Carbapenems,232.0,0.0
Slovenia,2012,Klebsiella pneumoniae,Carbapenems,254.0,0.4
Slovenia,2013,Klebsiella pneumoniae,Carbapenems,245.0,0.4
Slovenia,2014,Klebsiella pneumoniae,Carbapenems,233.0,0.9
Spain,2010,Klebsiella pneumoniae,Carbapenems,1161.0,0.0
Spain,2011,Klebsiella pneumoniae,Carbapenems,1144.0,0.3
Spain,2012,Klebsiella pneumoniae,Carbapenems,1152.0,0.8
Spain,2013,Klebsiella pneumoniae,Carbapenems,1241.0,1.6
Spain,2014,Klebsiella pneumoniae,Carbapenems,1266.0,2.3
Sweden,2010,Klebsiella pneumoniae,Carbapenems,655.0,0.3
Sweden,2011,Klebsiella pneumoniae,Carbapenems,1099.0,0.0
Sweden,2012,Klebsiella pneumoniae,Carbapenems,976.0,0.0
Sweden,2013,Klebsiella pneumoniae,Carbapenems,1269.0,0.0
Sweden,2014,Klebsiella pneumoniae,Carbapenems,978.0,0.0
United Kingdom,2010,Klebsiella pneumoniae,Carbapenems,677.0,0.1
United Kingdom,2011,Klebsiella pneumoniae,Carbapenems,825.0,0.4
United Kingdom,2012,Klebsiella pneumoniae,Carbapenems,888.0,0.5
United Kingdom,2013,Klebsiella pneumoniae,Carbapenems,1051.0,0.5
United Kingdom,2014,Klebsiella pneumoniae,Carbapenems,1068.0,0.8
Austria,2010,Klebsiella pneumoniae,Combined resistance,716.0,1.8
Austria,2011,Klebsiella pneumoniae,Combined resistance,785.0,4.1
Austria,2012,Klebsiella pneumoniae,Combined resistance,828.0,4.2
Austria,2013,Klebsiella pneumoniae,Combined resistance,919.0,3.8
Austria,2014,Klebsiella pneumoniae,Combined resistance,969.0,3.4
Belgium,2010,Klebsiella pneumoniae,Combined resistance,132.0,0.8
Belgium,2011,Klebsiella pneumoniae,Combined resistance,587.0,4.9
Belgium,2012,Klebsiella pneumoniae,Combined resistance,477.0,8.2
Belgium,2013,Klebsiella pneumoniae,Combined resistance,555.0,7.0
Belgium,2014,Klebsiella pneumoniae,Combined resistance,354.0,7.9
Bulgaria,2010,Klebsiella pneumoniae,Combined resistance,126.0,43.7
Bulgaria,2011,Klebsiella pneumoniae,Combined resistance,120.0,45.8
Bulgaria,2012,Klebsiella pneumoniae,Combined resistance,127.0,36.2
Bulgaria,2013,Klebsiella pneumoniae,Combined resistance,138.0,36.2
Bulgaria,2014,Klebsiella pneumoniae,Combined resistance,151.0,41.7
Croatia,2010,Klebsiella pneumoniae,Combined resistance,278.0,35.3
Croatia,2011,Klebsiella pneumoniae,Combined resistance,292.0,30.5
Croatia,2012,Klebsiella pneumoniae,Combined resistance,331.0,30.8
Croatia,2013,Klebsiella pneumoniae,Combined resistance,373.0,29.8
Croatia,2014,Klebsiella pneumoniae,Combined resistance,330.0,30.9
Cyprus,2010,Klebsiella pneumoniae,Combined resistance,67.0,19.4
Cyprus,2011,Klebsiella pneumoniae,Combined resistance,83.0,25.3
Cyprus,2012,Klebsiella pneumoniae,Combined resistance,65.0,10.8
Cyprus,2013,Klebsiella pneumoniae,Combined resistance,68.0,8.8
Cyprus,2014,Klebsiella pneumoniae,Combined resistance,80.0,15.0
Czech Republic,2010,Klebsiella pneumoniae,Combined resistance,1244.0,35.9
Czech Republic,2011,Klebsiella pneumoniae,Combined resistance,1283.0,36.0
Czech Republic,2012,Klebsiella pneumoniae,Combined resistance,1399.0,41.8
Czech Republic,2013,Klebsiella pneumoniae,Combined resistance,1291.0,38.3
Czech Republic,2014,Klebsiella pneumoniae,Combined resistance,1382.0,38.7
Denmark,2010,Klebsiella pneumoniae,Combined resistance,557.0,5.4
Denmark,2011,Klebsiella pneumoniae,Combined resistance,633.0,4.9
Denmark,2012,Klebsiella pneumoniae,Combined resistance,577.0,3.1
Denmark,2013,Klebsiella pneumoniae,Combined resistance,519.0,3.5
Denmark,2014,Klebsiella pneumoniae,Combined resistance,925.0,3.1
Estonia,2010,Klebsiella pneumoniae,Combined resistance,63.0,15.9
Estonia,2011,Klebsiella pneumoniae,Combined resistance,42.0,19.0
Estonia,2012,Klebsiella pneumoniae,Combined resistance,86.0,10.5
Estonia,2013,Klebsiella pneumoniae,Combined resistance,89.0,9.0
Estonia,2014,Klebsiella pneumoniae,Combined resistance,132.0,11.4
Finland,2010,Klebsiella pneumoniae,Combined resistance,368.0,1.4
Finland,2011,Klebsiella pneumoniae,Combined resistance,404.0,1.2
Finland,2012,Klebsiella pneumoniae,Combined resistance,516.0,0.2
Finland,2013,Klebsiella pneumoniae,Combined resistance,510.0,0.4
Finland,2014,Klebsiella pneumoniae,Combined resistance,556.0,1.4
France,2010,Klebsiella pneumoniae,Combined resistance,1527.0,14.8
France,2011,Klebsiella pneumoniae,Combined resistance,1647.0,19.5
France,2012,Klebsiella pneumoniae,Combined resistance,1097.0,19.4
France,2013,Klebsiella pneumoniae,Combined resistance,1916.0,22.9
France,2014,Klebsiella pneumoniae,Combined resistance,2175.0,23.8
Germany,2010,Klebsiella pneumoniae,Combined resistance,478.0,7.5
Germany,2011,Klebsiella pneumoniae,Combined resistance,518.0,6.9
Germany,2012,Klebsiella pneumoniae,Combined resistance,663.0,6.2
Germany,2013,Klebsiella pneumoniae,Combined resistance,742.0,6.9
Germany,2014,Klebsiella pneumoniae,Combined resistance,979.0,5.3
Greece,2010,Klebsiella pneumoniae,Combined resistance,1668.0,57.4
Greece,2011,Klebsiella pneumoniae,Combined resistance,1630.0,64.1
Greece,2012,Klebsiella pneumoniae,Combined resistance,1427.0,59.9
Greece,2013,Klebsiella pneumoniae,Combined resistance,1166.0,55.4
Greece,2014,Klebsiella pneumoniae,Combined resistance,1063.0,56.8
Hungary,2010,Klebsiella pneumoniae,Combined resistance,502.0,37.8
Hungary,2011,Klebsiella pneumoniae,Combined resistance,417.0,46.0
Hungary,2012,Klebsiella pneumoniae,Combined resistance,485.0,37.5
Hungary,2013,Klebsiella pneumoniae,Combined resistance,551.0,32.1
Hungary,2014,Klebsiella pneumoniae,Combined resistance,636.0,28.9
Iceland,2010,Klebsiella pneumoniae,Combined resistance,24.0,0.0
Iceland,2011,Klebsiella pneumoniae,Combined resistance,24.0,0.0
Iceland,2012,Klebsiella pneumoniae,Combined resistance,14.0,0.0
Iceland,2013,Klebsiella pneumoniae,Combined resistance,28.0,0.0
Iceland,2014,Klebsiella pneumoniae,Combined resistance,28.0,0.0
Ireland,2010,Klebsiella pneumoniae,Combined resistance,318.0,2.2
Ireland,2011,Klebsiella pneumoniae,Combined resistance,303.0,3.3
Ireland,2012,Klebsiella pneumoniae,Combined resistance,326.0,3.4
Ireland,2013,Klebsiella pneumoniae,Combined resistance,316.0,7.9
Ireland,2014,Klebsiella pneumoniae,Combined resistance,354.0,7.3
Italy,2010,Klebsiella pneumoniae,Combined resistance,685.0,26.3
Italy,2011,Klebsiella pneumoniae,Combined resistance,566.0,32.9
Italy,2012,Klebsiella pneumoniae,Combined resistance,758.0,40.2
Italy,2013,Klebsiella pneumoniae,Combined resistance,1403.0,41.8
Italy,2014,Klebsiella pneumoniae,Combined resistance,1170.0,44.0
Latvia,2010,Klebsiella pneumoniae,Combined resistance,63.0,49.2
Latvia,2011,Klebsiella pneumoniae,Combined resistance,63.0,33.3
Latvia,2012,Klebsiella pneumoniae,Combined resistance,78.0,42.3
Latvia,2013,Klebsiella pneumoniae,Combined resistance,88.0,39.8
Latvia,2014,Klebsiella pneumoniae,Combined resistance,104.0,41.3
Lithuania,2010,Klebsiella pneumoniae,Combined resistance,80.0,32.5
Lithuania,2011,Klebsiella pneumoniae,Combined resistance,137.0,43.1
Lithuania,2012,Klebsiella pneumoniae,Combined resistance,184.0,52.2
Lithuania,2013,Klebsiella pneumoniae,Combined resistance,144.0,33.3
Lithuania,2014,Klebsiella pneumoniae,Combined resistance,154.0,35.1
Luxembourg,2010,Klebsiella pneumoniae,Combined resistance,59.0,3.4
Luxembourg,2011,Klebsiella pneumoniae,Combined resistance,48.0,27.1
Luxembourg,2012,Klebsiella pneumoniae,Combined resistance,50.0,20.0
Luxembourg,2013,Klebsiella pneumoniae,Combined resistance,53.0,17.0
Luxembourg,2014,Klebsiella pneumoniae,Combined resistance,66.0,16.7
Malta,2010,Klebsiella pneumoniae,Combined resistance,57.0,5.3
Malta,2011,Klebsiella pneumoniae,Combined resistance,52.0,3.8
Malta,2012,Klebsiella pneumoniae,Combined resistance,57.0,19.3
Malta,2013,Klebsiella pneumoniae,Combined resistance,69.0,20.3
Malta,2014,Klebsiella pneumoniae,Combined resistance,101.0,26.7
Netherlands,2010,Klebsiella pneumoniae,Combined resistance,638.0,3.8
Netherlands,2011,Klebsiella pneumoniae,Combined resistance,720.0,4.3
Netherlands,2012,Klebsiella pneumoniae,Combined resistance,667.0,2.7
Netherlands,2013,Klebsiella pneumoniae,Combined resistance,631.0,2.2
Netherlands,2014,Klebsiella pneumoniae,Combined resistance,867.0,2.0
Norway,2010,Klebsiella pneumoniae,Combined resistance,468.0,1.1
Norway,2011,Klebsiella pneumoniae,Combined resistance,374.0,0.8
Norway,2012,Klebsiella pneumoniae,Combined resistance,593.0,1.5
Norway,2013,Klebsiella pneumoniae,Combined resistance,616.0,1.8
Norway,2014,Klebsiella pneumoniae,Combined resistance,744.0,3.9
Poland,2010,Klebsiella pneumoniae,Combined resistance,209.0,23.0
Poland,2011,Klebsiella pneumoniae,Combined resistance,259.0,37.1
Poland,2012,Klebsiella pneumoniae,Combined resistance,353.0,48.4
Poland,2013,Klebsiella pneumoniae,Combined resistance,366.0,52.5
Poland,2014,Klebsiella pneumoniae,Combined resistance,,
Portugal,2010,Klebsiella pneumoniae,Combined resistance,567.0,19.4
Portugal,2011,Klebsiella pneumoniae,Combined resistance,614.0,20.8
Portugal,2012,Klebsiella pneumoniae,Combined resistance,776.0,25.1
Portugal,2013,Klebsiella pneumoniae,Combined resistance,909.0,21.9
Portugal,2014,Klebsiella pneumoniae,Combined resistance,1705.0,23.0
Romania,2010,Klebsiella pneumoniae,Combined resistance,17.0,23.5
Romania,2011,Klebsiella pneumoniae,Combined resistance,10.0,30.0
Romania,2012,Klebsiella pneumoniae,Combined resistance,97.0,42.3
Romania,2013,Klebsiella pneumoniae,Combined resistance,210.0,42.9
Romania,2014,Klebsiella pneumoniae,Combined resistance,248.0,56.0
Slovakia,2010,Klebsiella pneumoniae,Combined resistance,,
Slovakia,2011,Klebsiella pneumoniae,Combined resistance,465.0,62.4
Slovakia,2012,Klebsiella pneumoniae,Combined resistance,376.0,55.3
Slovakia,2013,Klebsiella pneumoniae,Combined resistance,487.0,57.9
Slovakia,2014,Klebsiella pneumoniae,Combined resistance,493.0,63.3
Slovenia,2010,Klebsiella pneumoniae,Combined resistance,196.0,17.9
Slovenia,2011,Klebsiella pneumoniae,Combined resistance,232.0,19.8
Slovenia,2012,Klebsiella pneumoniae,Combined resistance,254.0,17.3
Slovenia,2013,Klebsiella pneumoniae,Combined resistance,245.0,15.9
Slovenia,2014,Klebsiella pneumoniae,Combined resistance,233.0,18.9
Spain,2010,Klebsiella pneumoniae,Combined resistance,1161.0,4.7
Spain,2011,Klebsiella pneumoniae,Combined resistance,1145.0,8.3
Spain,2012,Klebsiella pneumoniae,Combined resistance,1150.0,8.9
Spain,2013,Klebsiella pneumoniae,Combined resistance,1241.0,11.2
Spain,2014,Klebsiella pneumoniae,Combined resistance,1265.0,10.0
Sweden,2010,Klebsiella pneumoniae,Combined resistance,364.0,0.8
Sweden,2011,Klebsiella pneumoniae,Combined resistance,743.0,0.8
Sweden,2012,Klebsiella pneumoniae,Combined resistance,976.0,1.4
Sweden,2013,Klebsiella pneumoniae,Combined resistance,1235.0,1.7
Sweden,2014,Klebsiella pneumoniae,Combined resistance,623.0,1.4
United Kingdom,2010,Klebsiella pneumoniae,Combined resistance,701.0,3.6
United Kingdom,2011,Klebsiella pneumoniae,Combined resistance,914.0,2.1
United Kingdom,2012,Klebsiella pneumoniae,Combined resistance,913.0,2.3
United Kingdom,2013,Klebsiella pneumoniae,Combined resistance,1070.0,4.9
United Kingdom,2014,Klebsiella pneumoniae,Combined resistance,974.0,3.2
Austria,2010,Klebsiella pneumoniae,Fluoroquinolones,720.0,18.2
Austria,2011,Klebsiella pneumoniae,Fluoroquinolones,797.0,16.6
Austria,2012,Klebsiella pneumoniae,Fluoroquinolones,829.0,15.4
Austria,2013,Klebsiella pneumoniae,Fluoroquinolones,925.0,15.8
Austria,2014,Klebsiella pneumoniae,Fluoroquinolones,971.0,10.4
Belgium,2010,Klebsiella pneumoniae,Fluoroquinolones,144.0,12.5
Belgium,2011,Klebsiella pneumoniae,Fluoroquinolones,663.0,14.9
Belgium,2012,Klebsiella pneumoniae,Fluoroquinolones,532.0,17.3
Belgium,2013,Klebsiella pneumoniae,Fluoroquinolones,639.0,22.2
Belgium,2014,Klebsiella pneumoniae,Fluoroquinolones,506.0,18.2
Bulgaria,2010,Klebsiella pneumoniae,Fluoroquinolones,126.0,52.4
Bulgaria,2011,Klebsiella pneumoniae,Fluoroquinolones,121.0,51.2
Bulgaria,2012,Klebsiella pneumoniae,Fluoroquinolones,127.0,47.2
Bulgaria,2013,Klebsiella pneumoniae,Fluoroquinolones,138.0,45.7
Bulgaria,2014,Klebsiella pneumoniae,Fluoroquinolones,151.0,50.3
Croatia,2010,Klebsiella pneumoniae,Fluoroquinolones,278.0,47.5
Croatia,2011,Klebsiella pneumoniae,Fluoroquinolones,292.0,42.5
Croatia,2012,Klebsiella pneumoniae,Fluoroquinolones,331.0,42.9
Croatia,2013,Klebsiella pneumoniae,Fluoroquinolones,373.0,43.2
Croatia,2014,Klebsiella pneumoniae,Fluoroquinolones,330.0,44.8
Cyprus,2010,Klebsiella pneumoniae,Fluoroquinolones,67.0,38.8
Cyprus,2011,Klebsiella pneumoniae,Fluoroquinolones,83.0,36.1
Cyprus,2012,Klebsiella pneumoniae,Fluoroquinolones,65.0,21.5
Cyprus,2013,Klebsiella pneumoniae,Fluoroquinolones,68.0,23.5
Cyprus,2014,Klebsiella pneumoniae,Fluoroquinolones,80.0,26.3
Czech Republic,2010,Klebsiella pneumoniae,Fluoroquinolones,1263.0,55.1
Czech Republic,2011,Klebsiella pneumoniae,Fluoroquinolones,1287.0,52.8
Czech Republic,2012,Klebsiella pneumoniae,Fluoroquinolones,1399.0,50.4
Czech Republic,2013,Klebsiella pneumoniae,Fluoroquinolones,1291.0,47.7
Czech Republic,2014,Klebsiella pneumoniae,Fluoroquinolones,1382.0,48.0
Denmark,2010,Klebsiella pneumoniae,Fluoroquinolones,673.0,11.3
Denmark,2011,Klebsiella pneumoniae,Fluoroquinolones,888.0,11.6
Denmark,2012,Klebsiella pneumoniae,Fluoroquinolones,941.0,8.8
Denmark,2013,Klebsiella pneumoniae,Fluoroquinolones,874.0,8.9
Denmark,2014,Klebsiella pneumoniae,Fluoroquinolones,943.0,6.9
Estonia,2010,Klebsiella pneumoniae,Fluoroquinolones,64.0,25.0
Estonia,2011,Klebsiella pneumoniae,Fluoroquinolones,91.0,22.0
Estonia,2012,Klebsiella pneumoniae,Fluoroquinolones,87.0,17.2
Estonia,2013,Klebsiella pneumoniae,Fluoroquinolones,90.0,26.7
Estonia,2014,Klebsiella pneumoniae,Fluoroquinolones,133.0,21.8
Finland,2010,Klebsiella pneumoniae,Fluoroquinolones,401.0,2.5
Finland,2011,Klebsiella pneumoniae,Fluoroquinolones,404.0,2.7
Finland,2012,Klebsiella pneumoniae,Fluoroquinolones,536.0,2.1
Finland,2013,Klebsiella pneumoniae,Fluoroquinolones,533.0,2.4
Finland,2014,Klebsiella pneumoniae,Fluoroquinolones,581.0,4.6
France,2010,Klebsiella pneumoniae,Fluoroquinolones,1527.0,21.8
France,2011,Klebsiella pneumoniae,Fluoroquinolones,1683.0,28.0
France,2012,Klebsiella pneumoniae,Fluoroquinolones,1691.0,24.4
France,2013,Klebsiella pneumoniae,Fluoroquinolones,1916.0,29.4
France,2014,Klebsiella pneumoniae,Fluoroquinolones,2175.0,31.0
Germany,2010,Klebsiella pneumoniae,Fluoroquinolones,478.0,14.9
Germany,2011,Klebsiella pneumoniae,Fluoroquinolones,519.0,14.1
Germany,2012,Klebsiella pneumoniae,Fluoroquinolones,663.0,13.7
Germany,2013,Klebsiella pneumoniae,Fluoroquinolones,745.0,14.8
Germany,2014,Klebsiella pneumoniae,Fluoroquinolones,980.0,12.7
Greece,2010,Klebsiella pneumoniae,Fluoroquinolones,1676.0,70.9
Greece,2011,Klebsiella pneumoniae,Fluoroquinolones,1635.0,72.2
Greece,2012,Klebsiella pneumoniae,Fluoroquinolones,1428.0,69.7
Greece,2013,Klebsiella pneumoniae,Fluoroquinolones,1172.0,67.6
Greece,2014,Klebsiella pneumoniae,Fluoroquinolones,1063.0,67.6
Hungary,2010,Klebsiella pneumoniae,Fluoroquinolones,504.0,42.9
Hungary,2011,Klebsiella pneumoniae,Fluoroquinolones,420.0,51.0
Hungary,2012,Klebsiella pneumoniae,Fluoroquinolones,485.0,41.6
Hungary,2013,Klebsiella pneumoniae,Fluoroquinolones,555.0,37.7
Hungary,2014,Klebsiella pneumoniae,Fluoroquinolones,641.0,34.9
Iceland,2010,Klebsiella pneumoniae,Fluoroquinolones,24.0,0.0
Iceland,2011,Klebsiella pneumoniae,Fluoroquinolones,24.0,4.2
Iceland,2012,Klebsiella pneumoniae,Fluoroquinolones,14.0,7.1
Iceland,2013,Klebsiella pneumoniae,Fluoroquinolones,28.0,0.0
Iceland,2014,Klebsiella pneumoniae,Fluoroquinolones,28.0,3.6
Ireland,2010,Klebsiella pneumoniae,Fluoroquinolones,318.0,8.2
Ireland,2011,Klebsiella pneumoniae,Fluoroquinolones,303.0,8.9
Ireland,2012,Klebsiella pneumoniae,Fluoroquinolones,338.0,7.4
Ireland,2013,Klebsiella pneumoniae,Fluoroquinolones,316.0,14.6
Ireland,2014,Klebsiella pneumoniae,Fluoroquinolones,355.0,13.5
Italy,2010,Klebsiella pneumoniae,Fluoroquinolones,696.0,38.5
Italy,2011,Klebsiella pneumoniae,Fluoroquinolones,597.0,45.7
Italy,2012,Klebsiella pneumoniae,Fluoroquinolones,835.0,49.9
Italy,2013,Klebsiella pneumoniae,Fluoroquinolones,1428.0,54.4
Italy,2014,Klebsiella pneumoniae,Fluoroquinolones,1295.0,55.7
Latvia,2010,Klebsiella pneumoniae,Fluoroquinolones,63.0,52.4
Latvia,2011,Klebsiella pneumoniae,Fluoroquinolones,63.0,38.1
Latvia,2012,Klebsiella pneumoniae,Fluoroquinolones,78.0,46.2
Latvia,2013,Klebsiella pneumoniae,Fluoroquinolones,88.0,43.2
Latvia,2014,Klebsiella pneumoniae,Fluoroquinolones,116.0,44.8
Lithuania,2010,Klebsiella pneumoniae,Fluoroquinolones,80.0,36.3
Lithuania,2011,Klebsiella pneumoniae,Fluoroquinolones,137.0,54.7
Lithuania,2012,Klebsiella pneumoniae,Fluoroquinolones,184.0,55.4
Lithuania,2013,Klebsiella pneumoniae,Fluoroquinolones,144.0,45.1
Lithuania,2014,Klebsiella pneumoniae,Fluoroquinolones,154.0,45.5
Luxembourg,2010,Klebsiella pneumoniae,Fluoroquinolones,59.0,6.8
Luxembourg,2011,Klebsiella pneumoniae,Fluoroquinolones,48.0,33.3
Luxembourg,2012,Klebsiella pneumoniae,Fluoroquinolones,50.0,32.0
Luxembourg,2013,Klebsiella pneumoniae,Fluoroquinolones,53.0,22.6
Luxembourg,2014,Klebsiella pneumoniae,Fluoroquinolones,66.0,31.8
Malta,2010,Klebsiella pneumoniae,Fluoroquinolones,57.0,15.8
Malta,2011,Klebsiella pneumoniae,Fluoroquinolones,52.0,13.5
Malta,2012,Klebsiella pneumoniae,Fluoroquinolones,57.0,26.3
Malta,2013,Klebsiella pneumoniae,Fluoroquinolones,69.0,27.5
Malta,2014,Klebsiella pneumoniae,Fluoroquinolones,101.0,33.7
Netherlands,2010,Klebsiella pneumoniae,Fluoroquinolones,644.0,7.0
Netherlands,2011,Klebsiella pneumoniae,Fluoroquinolones,728.0,7.3
Netherlands,2012,Klebsiella pneumoniae,Fluoroquinolones,670.0,5.4
Netherlands,2013,Klebsiella pneumoniae,Fluoroquinolones,638.0,6.1
Netherlands,2014,Klebsiella pneumoniae,Fluoroquinolones,886.0,4.7
Norway,2010,Klebsiella pneumoniae,Fluoroquinolones,476.0,7.4
Norway,2011,Klebsiella pneumoniae,Fluoroquinolones,427.0,3.5
Norway,2012,Klebsiella pneumoniae,Fluoroquinolones,596.0,4.0
Norway,2013,Klebsiella pneumoniae,Fluoroquinolones,616.0,4.9
Norway,2014,Klebsiella pneumoniae,Fluoroquinolones,746.0,6.2
Poland,2010,Klebsiella pneumoniae,Fluoroquinolones,221.0,33.0
Poland,2011,Klebsiella pneumoniae,Fluoroquinolones,369.0,57.7
Poland,2012,Klebsiella pneumoniae,Fluoroquinolones,359.0,60.2
Poland,2013,Klebsiella pneumoniae,Fluoroquinolones,374.0,70.1
Poland,2014,Klebsiella pneumoniae,Fluoroquinolones,,
Portugal,2010,Klebsiella pneumoniae,Fluoroquinolones,574.0,31.4
Portugal,2011,Klebsiella pneumoniae,Fluoroquinolones,617.0,36.3
Portugal,2012,Klebsiella pneumoniae,Fluoroquinolones,777.0,35.8
Portugal,2013,Klebsiella pneumoniae,Fluoroquinolones,911.0,35.7
Portugal,2014,Klebsiella pneumoniae,Fluoroquinolones,1712.0,36.5
Romania,2010,Klebsiella pneumoniae,Fluoroquinolones,17.0,29.4
Romania,2011,Klebsiella pneumoniae,Fluoroquinolones,10.0,30.0
Romania,2012,Klebsiella pneumoniae,Fluoroquinolones,100.0,50.0
Romania,2013,Klebsiella pneumoniae,Fluoroquinolones,213.0,51.6
Romania,2014,Klebsiella pneumoniae,Fluoroquinolones,257.0,66.5
Slovakia,2010,Klebsiella pneumoniae,Fluoroquinolones,,
Slovakia,2011,Klebsiella pneumoniae,Fluoroquinolones,465.0,70.8
Slovakia,2012,Klebsiella pneumoniae,Fluoroquinolones,376.0,66.8
Slovakia,2013,Klebsiella pneumoniae,Fluoroquinolones,489.0,66.9
Slovakia,2014,Klebsiella pneumoniae,Fluoroquinolones,493.0,70.8
Slovenia,2010,Klebsiella pneumoniae,Fluoroquinolones,196.0,25.0
Slovenia,2011,Klebsiella pneumoniae,Fluoroquinolones,232.0,35.3
Slovenia,2012,Klebsiella pneumoniae,Fluoroquinolones,254.0,33.1
Slovenia,2013,Klebsiella pneumoniae,Fluoroquinolones,245.0,32.7
Slovenia,2014,Klebsiella pneumoniae,Fluoroquinolones,233.0,32.6
Spain,2010,Klebsiella pneumoniae,Fluoroquinolones,1161.0,13.6
Spain,2011,Klebsiella pneumoniae,Fluoroquinolones,1145.0,17.0
Spain,2012,Klebsiella pneumoniae,Fluoroquinolones,1150.0,16.5
Spain,2013,Klebsiella pneumoniae,Fluoroquinolones,1241.0,21.8
Spain,2014,Klebsiella pneumoniae,Fluoroquinolones,1266.0,18.6
Sweden,2010,Klebsiella pneumoniae,Fluoroquinolones,405.0,4.7
Sweden,2011,Klebsiella pneumoniae,Fluoroquinolones,822.0,2.3
Sweden,2012,Klebsiella pneumoniae,Fluoroquinolones,976.0,3.7
Sweden,2013,Klebsiella pneumoniae,Fluoroquinolones,1270.0,3.9
Sweden,2014,Klebsiella pneumoniae,Fluoroquinolones,763.0,4.1
United Kingdom,2010,Klebsiella pneumoniae,Fluoroquinolones,768.0,7.4
United Kingdom,2011,Klebsiella pneumoniae,Fluoroquinolones,985.0,4.6
United Kingdom,2012,Klebsiella pneumoniae,Fluoroquinolones,1036.0,7.4
United Kingdom,2013,Klebsiella pneumoniae,Fluoroquinolones,1155.0,8.7
United Kingdom,2014,Klebsiella pneumoniae,Fluoroquinolones,1129.0,7.7
Austria,2010,Pseudomonas aeruginosa,Aminoglycosides,501.0,11.0
Austria,2011,Pseudomonas aeruginosa,Aminoglycosides,536.0,13.4
Austria,2012,Pseudomonas aeruginosa,Aminoglycosides,592.0,11.5
Austria,2013,Pseudomonas aeruginosa,Aminoglycosides,618.0,7.4
Austria,2014,Pseudomonas aeruginosa,Aminoglycosides,638.0,6.6
Belgium,2010,Pseudomonas aeruginosa,Aminoglycosides,121.0,10.7
Belgium,2011,Pseudomonas aeruginosa,Aminoglycosides,424.0,12.5
Belgium,2012,Pseudomonas aeruginosa,Aminoglycosides,347.0,11.8
Belgium,2013,Pseudomonas aeruginosa,Aminoglycosides,487.0,12.7
Belgium,2014,Pseudomonas aeruginosa,Aminoglycosides,317.0,10.1
Bulgaria,2010,Pseudomonas aeruginosa,Aminoglycosides,42.0,21.4
Bulgaria,2011,Pseudomonas aeruginosa,Aminoglycosides,48.0,37.5
Bulgaria,2012,Pseudomonas aeruginosa,Aminoglycosides,52.0,32.7
Bulgaria,2013,Pseudomonas aeruginosa,Aminoglycosides,60.0,20.0
Bulgaria,2014,Pseudomonas aeruginosa,Aminoglycosides,48.0,31.3
Croatia,2010,Pseudomonas aeruginosa,Aminoglycosides,210.0,26.2
Croatia,2011,Pseudomonas aeruginosa,Aminoglycosides,227.0,35.2
Croatia,2012,Pseudomonas aeruginosa,Aminoglycosides,197.0,25.4
Croatia,2013,Pseudomonas aeruginosa,Aminoglycosides,246.0,23.6
Croatia,2014,Pseudomonas aeruginosa,Aminoglycosides,232.0,35.3
Cyprus,2010,Pseudomonas aeruginosa,Aminoglycosides,48.0,10.4
Cyprus,2011,Pseudomonas aeruginosa,Aminoglycosides,51.0,15.7
Cyprus,2012,Pseudomonas aeruginosa,Aminoglycosides,52.0,15.4
Cyprus,2013,Pseudomonas aeruginosa,Aminoglycosides,47.0,4.3
Cyprus,2014,Pseudomonas aeruginosa,Aminoglycosides,42.0,14.3
Czech Republic,2010,Pseudomonas aeruginosa,Aminoglycosides,510.0,32.7
Czech Republic,2011,Pseudomonas aeruginosa,Aminoglycosides,448.0,24.1
Czech Republic,2012,Pseudomonas aeruginosa,Aminoglycosides,489.0,23.7
Czech Republic,2013,Pseudomonas aeruginosa,Aminoglycosides,516.0,26.2
Czech Republic,2014,Pseudomonas aeruginosa,Aminoglycosides,446.0,20.6
Denmark,2010,Pseudomonas aeruginosa,Aminoglycosides,375.0,1.3
Denmark,2011,Pseudomonas aeruginosa,Aminoglycosides,404.0,2.2
Denmark,2012,Pseudomonas aeruginosa,Aminoglycosides,372.0,3.8
Denmark,2013,Pseudomonas aeruginosa,Aminoglycosides,408.0,4.9
Denmark,2014,Pseudomonas aeruginosa,Aminoglycosides,388.0,2.3
Estonia,2010,Pseudomonas aeruginosa,Aminoglycosides,10.0,20.0
Estonia,2011,Pseudomonas aeruginosa,Aminoglycosides,16.0,0.0
Estonia,2012,Pseudomonas aeruginosa,Aminoglycosides,33.0,24.2
Estonia,2013,Pseudomonas aeruginosa,Aminoglycosides,21.0,9.5
Estonia,2014,Pseudomonas aeruginosa,Aminoglycosides,40.0,7.5
Finland,2010,Pseudomonas aeruginosa,Aminoglycosides,270.0,4.1
Finland,2011,Pseudomonas aeruginosa,Aminoglycosides,269.0,4.8
Finland,2012,Pseudomonas aeruginosa,Aminoglycosides,326.0,2.5
Finland,2013,Pseudomonas aeruginosa,Aminoglycosides,326.0,3.1
Finland,2014,Pseudomonas aeruginosa,Aminoglycosides,305.0,2.3
France,2010,Pseudomonas aeruginosa,Aminoglycosides,1138.0,18.4
France,2011,Pseudomonas aeruginosa,Aminoglycosides,1599.0,21.3
France,2012,Pseudomonas aeruginosa,Aminoglycosides,1259.0,24.5
France,2013,Pseudomonas aeruginosa,Aminoglycosides,1869.0,15.5
France,2014,Pseudomonas aeruginosa,Aminoglycosides,1787.0,18.0
Germany,2010,Pseudomonas aeruginosa,Aminoglycosides,315.0,10.2
Germany,2011,Pseudomonas aeruginosa,Aminoglycosides,386.0,11.7
Germany,2012,Pseudomonas aeruginosa,Aminoglycosides,436.0,10.6
Germany,2013,Pseudomonas aeruginosa,Aminoglycosides,609.0,7.6
Germany,2014,Pseudomonas aeruginosa,Aminoglycosides,643.0,5.9
Greece,2010,Pseudomonas aeruginosa,Aminoglycosides,997.0,42.8
Greece,2011,Pseudomonas aeruginosa,Aminoglycosides,935.0,38.2
Greece,2012,Pseudomonas aeruginosa,Aminoglycosides,897.0,40.7
Greece,2013,Pseudomonas aeruginosa,Aminoglycosides,860.0,41.6
Greece,2014,Pseudomonas aeruginosa,Aminoglycosides,677.0,37.1
Hungary,2010,Pseudomonas aeruginosa,Aminoglycosides,636.0,28.9
Hungary,2011,Pseudomonas aeruginosa,Aminoglycosides,605.0,18.0
Hungary,2012,Pseudomonas aeruginosa,Aminoglycosides,619.0,26.7
Hungary,2013,Pseudomonas aeruginosa,Aminoglycosides,664.0,25.0
Hungary,2014,Pseudomonas aeruginosa,Aminoglycosides,741.0,21.3
Iceland,2010,Pseudomonas aeruginosa,Aminoglycosides,12.0,0.0
Iceland,2011,Pseudomonas aeruginosa,Aminoglycosides,17.0,0.0
Iceland,2012,Pseudomonas aeruginosa,Aminoglycosides,10.0,0.0
Iceland,2013,Pseudomonas aeruginosa,Aminoglycosides,11.0,0.0
Iceland,2014,Pseudomonas aeruginosa,Aminoglycosides,11.0,0.0
Ireland,2010,Pseudomonas aeruginosa,Aminoglycosides,219.0,4.6
Ireland,2011,Pseudomonas aeruginosa,Aminoglycosides,181.0,3.9
Ireland,2012,Pseudomonas aeruginosa,Aminoglycosides,215.0,9.8
Ireland,2013,Pseudomonas aeruginosa,Aminoglycosides,205.0,10.7
Ireland,2014,Pseudomonas aeruginosa,Aminoglycosides,178.0,5.6
Italy,2010,Pseudomonas aeruginosa,Aminoglycosides,511.0,22.5
Italy,2011,Pseudomonas aeruginosa,Aminoglycosides,335.0,17.6
Italy,2012,Pseudomonas aeruginosa,Aminoglycosides,701.0,30.2
Italy,2013,Pseudomonas aeruginosa,Aminoglycosides,783.0,27.2
Italy,2014,Pseudomonas aeruginosa,Aminoglycosides,709.0,24.4
Latvia,2010,Pseudomonas aeruginosa,Aminoglycosides,21.0,28.6
Latvia,2011,Pseudomonas aeruginosa,Aminoglycosides,12.0,25.0
Latvia,2012,Pseudomonas aeruginosa,Aminoglycosides,18.0,22.2
Latvia,2013,Pseudomonas aeruginosa,Aminoglycosides,25.0,20.0
Latvia,2014,Pseudomonas aeruginosa,Aminoglycosides,18.0,5.6
Lithuania,2010,Pseudomonas aeruginosa,Aminoglycosides,31.0,12.9
Lithuania,2011,Pseudomonas aeruginosa,Aminoglycosides,30.0,13.3
Lithuania,2012,Pseudomonas aeruginosa,Aminoglycosides,28.0,14.3
Lithuania,2013,Pseudomonas aeruginosa,Aminoglycosides,37.0,13.5
Lithuania,2014,Pseudomonas aeruginosa,Aminoglycosides,31.0,25.8
Luxembourg,2010,Pseudomonas aeruginosa,Aminoglycosides,32.0,9.4
Luxembourg,2011,Pseudomonas aeruginosa,Aminoglycosides,32.0,15.6
Luxembourg,2012,Pseudomonas aeruginosa,Aminoglycosides,31.0,6.5
Luxembourg,2013,Pseudomonas aeruginosa,Aminoglycosides,34.0,23.5
Luxembourg,2014,Pseudomonas aeruginosa,Aminoglycosides,41.0,7.3
Malta,2010,Pseudomonas aeruginosa,Aminoglycosides,42.0,31.0
Malta,2011,Pseudomonas aeruginosa,Aminoglycosides,42.0,33.3
Malta,2012,Pseudomonas aeruginosa,Aminoglycosides,31.0,6.5
Malta,2013,Pseudomonas aeruginosa,Aminoglycosides,25.0,0.0
Malta,2014,Pseudomonas aeruginosa,Aminoglycosides,38.0,13.2
Netherlands,2010,Pseudomonas aeruginosa,Aminoglycosides,376.0,2.7
Netherlands,2011,Pseudomonas aeruginosa,Aminoglycosides,434.0,5.1
Netherlands,2012,Pseudomonas aeruginosa,Aminoglycosides,404.0,4.0
Netherlands,2013,Pseudomonas aeruginosa,Aminoglycosides,374.0,2.9
Netherlands,2014,Pseudomonas aeruginosa,Aminoglycosides,547.0,2.9
Norway,2010,Pseudomonas aeruginosa,Aminoglycosides,167.0,0.6
Norway,2011,Pseudomonas aeruginosa,Aminoglycosides,147.0,0.0
Norway,2012,Pseudomonas aeruginosa,Aminoglycosides,197.0,2.0
Norway,2013,Pseudomonas aeruginosa,Aminoglycosides,194.0,1.5
Norway,2014,Pseudomonas aeruginosa,Aminoglycosides,240.0,1.3
Poland,2010,Pseudomonas aeruginosa,Aminoglycosides,165.0,30.3
Poland,2011,Pseudomonas aeruginosa,Aminoglycosides,198.0,32.8
Poland,2012,Pseudomonas aeruginosa,Aminoglycosides,176.0,24.4
Poland,2013,Pseudomonas aeruginosa,Aminoglycosides,196.0,24.5
Poland,2014,Pseudomonas aeruginosa,Aminoglycosides,,
Portugal,2010,Pseudomonas aeruginosa,Aminoglycosides,547.0,14.1
Portugal,2011,Pseudomonas aeruginosa,Aminoglycosides,526.0,15.4
Portugal,2012,Pseudomonas aeruginosa,Aminoglycosides,586.0,14.7
Portugal,2013,Pseudomonas aeruginosa,Aminoglycosides,737.0,14.2
Portugal,2014,Pseudomonas aeruginosa,Aminoglycosides,1064.0,17.6
Romania,2010,Pseudomonas aeruginosa,Aminoglycosides,10.0,50.0
Romania,2011,Pseudomonas aeruginosa,Aminoglycosides,10.0,60.0
Romania,2012,Pseudomonas aeruginosa,Aminoglycosides,45.0,51.1
Romania,2013,Pseudomonas aeruginosa,Aminoglycosides,86.0,51.2
Romania,2014,Pseudomonas aeruginosa,Aminoglycosides,93.0,63.4
Slovakia,2010,Pseudomonas aeruginosa,Aminoglycosides,,
Slovakia,2011,Pseudomonas aeruginosa,Aminoglycosides,267.0,52.8
Slovakia,2012,Pseudomonas aeruginosa,Aminoglycosides,199.0,41.7
Slovakia,2013,Pseudomonas aeruginosa,Aminoglycosides,286.0,38.8
Slovakia,2014,Pseudomonas aeruginosa,Aminoglycosides,276.0,37.0
Slovenia,2010,Pseudomonas aeruginosa,Aminoglycosides,95.0,8.4
Slovenia,2011,Pseudomonas aeruginosa,Aminoglycosides,118.0,8.5
Slovenia,2012,Pseudomonas aeruginosa,Aminoglycosides,134.0,9.7
Slovenia,2013,Pseudomonas aeruginosa,Aminoglycosides,133.0,7.5
Slovenia,2014,Pseudomonas aeruginosa,Aminoglycosides,112.0,17.0
Spain,2010,Pseudomonas aeruginosa,Aminoglycosides,749.0,18.4
Spain,2011,Pseudomonas aeruginosa,Aminoglycosides,839.0,18.7
Spain,2012,Pseudomonas aeruginosa,Aminoglycosides,853.0,16.5
Spain,2013,Pseudomonas aeruginosa,Aminoglycosides,825.0,14.9
Spain,2014,Pseudomonas aeruginosa,Aminoglycosides,873.0,16.8
Sweden,2010,Pseudomonas aeruginosa,Aminoglycosides,278.0,0.0
Sweden,2011,Pseudomonas aeruginosa,Aminoglycosides,331.0,1.5
Sweden,2012,Pseudomonas aeruginosa,Aminoglycosides,357.0,1.7
Sweden,2013,Pseudomonas aeruginosa,Aminoglycosides,519.0,2.9
Sweden,2014,Pseudomonas aeruginosa,Aminoglycosides,313.0,0.6
United Kingdom,2010,Pseudomonas aeruginosa,Aminoglycosides,575.0,1.9
United Kingdom,2011,Pseudomonas aeruginosa,Aminoglycosides,590.0,3.4
United Kingdom,2012,Pseudomonas aeruginosa,Aminoglycosides,667.0,2.2
United Kingdom,2013,Pseudomonas aeruginosa,Aminoglycosides,715.0,2.5
United Kingdom,2014,Pseudomonas aeruginosa,Aminoglycosides,641.0,1.9
Austria,2010,Pseudomonas aeruginosa,Carbapenems,473.0,14.4
Austria,2011,Pseudomonas aeruginosa,Carbapenems,538.0,13.6
Austria,2012,Pseudomonas aeruginosa,Carbapenems,562.0,14.6
Austria,2013,Pseudomonas aeruginosa,Carbapenems,616.0,12.3
Austria,2014,Pseudomonas aeruginosa,Carbapenems,636.0,12.7
Belgium,2010,Pseudomonas aeruginosa,Carbapenems,130.0,4.6
Belgium,2011,Pseudomonas aeruginosa,Carbapenems,459.0,10.7
Belgium,2012,Pseudomonas aeruginosa,Carbapenems,391.0,9.7
Belgium,2013,Pseudomonas aeruginosa,Carbapenems,518.0,11.0
Belgium,2014,Pseudomonas aeruginosa,Carbapenems,344.0,10.2
Bulgaria,2010,Pseudomonas aeruginosa,Carbapenems,42.0,31.0
Bulgaria,2011,Pseudomonas aeruginosa,Carbapenems,48.0,29.2
Bulgaria,2012,Pseudomonas aeruginosa,Carbapenems,51.0,31.4
Bulgaria,2013,Pseudomonas aeruginosa,Carbapenems,59.0,13.6
Bulgaria,2014,Pseudomonas aeruginosa,Carbapenems,48.0,29.2
Croatia,2010,Pseudomonas aeruginosa,Carbapenems,210.0,28.6
Croatia,2011,Pseudomonas aeruginosa,Carbapenems,226.0,29.6
Croatia,2012,Pseudomonas aeruginosa,Carbapenems,195.0,26.2
Croatia,2013,Pseudomonas aeruginosa,Carbapenems,241.0,25.3
Croatia,2014,Pseudomonas aeruginosa,Carbapenems,232.0,35.3
Cyprus,2010,Pseudomonas aeruginosa,Carbapenems,48.0,29.2
Cyprus,2011,Pseudomonas aeruginosa,Carbapenems,51.0,43.1
Cyprus,2012,Pseudomonas aeruginosa,Carbapenems,52.0,19.2
Cyprus,2013,Pseudomonas aeruginosa,Carbapenems,47.0,19.1
Cyprus,2014,Pseudomonas aeruginosa,Carbapenems,42.0,33.3
Czech Republic,2010,Pseudomonas aeruginosa,Carbapenems,510.0,16.5
Czech Republic,2011,Pseudomonas aeruginosa,Carbapenems,448.0,13.2
Czech Republic,2012,Pseudomonas aeruginosa,Carbapenems,489.0,15.1
Czech Republic,2013,Pseudomonas aeruginosa,Carbapenems,516.0,15.7
Czech Republic,2014,Pseudomonas aeruginosa,Carbapenems,448.0,14.1
Denmark,2010,Pseudomonas aeruginosa,Carbapenems,356.0,3.1
Denmark,2011,Pseudomonas aeruginosa,Carbapenems,403.0,5.5
Denmark,2012,Pseudomonas aeruginosa,Carbapenems,355.0,3.7
Denmark,2013,Pseudomonas aeruginosa,Carbapenems,410.0,2.9
Denmark,2014,Pseudomonas aeruginosa,Carbapenems,386.0,4.7
Estonia,2010,Pseudomonas aeruginosa,Carbapenems,42.0,21.4
Estonia,2011,Pseudomonas aeruginosa,Carbapenems,12.0,8.3
Estonia,2012,Pseudomonas aeruginosa,Carbapenems,32.0,12.5
Estonia,2013,Pseudomonas aeruginosa,Carbapenems,20.0,10.0
Estonia,2014,Pseudomonas aeruginosa,Carbapenems,39.0,15.4
Finland,2010,Pseudomonas aeruginosa,Carbapenems,275.0,9.8
Finland,2011,Pseudomonas aeruginosa,Carbapenems,269.0,10.8
Finland,2012,Pseudomonas aeruginosa,Carbapenems,327.0,6.1
Finland,2013,Pseudomonas aeruginosa,Carbapenems,326.0,10.4
Finland,2014,Pseudomonas aeruginosa,Carbapenems,307.0,7.2
France,2010,Pseudomonas aeruginosa,Carbapenems,1186.0,17.8
France,2011,Pseudomonas aeruginosa,Carbapenems,1622.0,20.0
France,2012,Pseudomonas aeruginosa,Carbapenems,1722.0,18.0
France,2013,Pseudomonas aeruginosa,Carbapenems,1862.0,17.2
France,2014,Pseudomonas aeruginosa,Carbapenems,1780.0,18.7
Germany,2010,Pseudomonas aeruginosa,Carbapenems,311.0,12.5
Germany,2011,Pseudomonas aeruginosa,Carbapenems,386.0,9.8
Germany,2012,Pseudomonas aeruginosa,Carbapenems,438.0,10.7
Germany,2013,Pseudomonas aeruginosa,Carbapenems,609.0,15.3
Germany,2014,Pseudomonas aeruginosa,Carbapenems,642.0,17.0
Greece,2010,Pseudomonas aeruginosa,Carbapenems,999.0,43.1
Greece,2011,Pseudomonas aeruginosa,Carbapenems,900.0,54.0
Greece,2012,Pseudomonas aeruginosa,Carbapenems,907.0,47.7
Greece,2013,Pseudomonas aeruginosa,Carbapenems,877.0,49.3
Greece,2014,Pseudomonas aeruginosa,Carbapenems,699.0,42.9
Hungary,2010,Pseudomonas aeruginosa,Carbapenems,635.0,24.9
Hungary,2011,Pseudomonas aeruginosa,Carbapenems,604.0,21.2
Hungary,2012,Pseudomonas aeruginosa,Carbapenems,619.0,27.5
Hungary,2013,Pseudomonas aeruginosa,Carbapenems,668.0,30.2
Hungary,2014,Pseudomonas aeruginosa,Carbapenems,744.0,33.5
Iceland,2010,Pseudomonas aeruginosa,Carbapenems,12.0,0.0
Iceland,2011,Pseudomonas aeruginosa,Carbapenems,17.0,5.9
Iceland,2012,Pseudomonas aeruginosa,Carbapenems,10.0,10.0
Iceland,2013,Pseudomonas aeruginosa,Carbapenems,11.0,9.1
Iceland,2014,Pseudomonas aeruginosa,Carbapenems,11.0,9.1
Ireland,2010,Pseudomonas aeruginosa,Carbapenems,216.0,6.5
Ireland,2011,Pseudomonas aeruginosa,Carbapenems,180.0,6.1
Ireland,2012,Pseudomonas aeruginosa,Carbapenems,213.0,11.3
Ireland,2013,Pseudomonas aeruginosa,Carbapenems,204.0,9.3
Ireland,2014,Pseudomonas aeruginosa,Carbapenems,177.0,8.5
Italy,2010,Pseudomonas aeruginosa,Carbapenems,509.0,22.0
Italy,2011,Pseudomonas aeruginosa,Carbapenems,316.0,20.6
Italy,2012,Pseudomonas aeruginosa,Carbapenems,682.0,25.1
Italy,2013,Pseudomonas aeruginosa,Carbapenems,788.0,25.9
Italy,2014,Pseudomonas aeruginosa,Carbapenems,753.0,25.1
Latvia,2010,Pseudomonas aeruginosa,Carbapenems,21.0,14.3
Latvia,2011,Pseudomonas aeruginosa,Carbapenems,12.0,8.3
Latvia,2012,Pseudomonas aeruginosa,Carbapenems,18.0,11.1
Latvia,2013,Pseudomonas aeruginosa,Carbapenems,25.0,28.0
Latvia,2014,Pseudomonas aeruginosa,Carbapenems,18.0,16.7
Lithuania,2010,Pseudomonas aeruginosa,Carbapenems,30.0,26.7
Lithuania,2011,Pseudomonas aeruginosa,Carbapenems,30.0,20.0
Lithuania,2012,Pseudomonas aeruginosa,Carbapenems,28.0,17.9
Lithuania,2013,Pseudomonas aeruginosa,Carbapenems,37.0,18.9
Lithuania,2014,Pseudomonas aeruginosa,Carbapenems,31.0,29.0
Luxembourg,2010,Pseudomonas aeruginosa,Carbapenems,32.0,9.4
Luxembourg,2011,Pseudomonas aeruginosa,Carbapenems,32.0,15.6
Luxembourg,2012,Pseudomonas aeruginosa,Carbapenems,31.0,6.5
Luxembourg,2013,Pseudomonas aeruginosa,Carbapenems,34.0,17.6
Luxembourg,2014,Pseudomonas aeruginosa,Carbapenems,42.0,4.8
Malta,2010,Pseudomonas aeruginosa,Carbapenems,42.0,23.8
Malta,2011,Pseudomonas aeruginosa,Carbapenems,42.0,23.8
Malta,2012,Pseudomonas aeruginosa,Carbapenems,31.0,3.2
Malta,2013,Pseudomonas aeruginosa,Carbapenems,25.0,16.0
Malta,2014,Pseudomonas aeruginosa,Carbapenems,38.0,15.8
Netherlands,2010,Pseudomonas aeruginosa,Carbapenems,371.0,2.7
Netherlands,2011,Pseudomonas aeruginosa,Carbapenems,431.0,3.5
Netherlands,2012,Pseudomonas aeruginosa,Carbapenems,397.0,3.3
Netherlands,2013,Pseudomonas aeruginosa,Carbapenems,375.0,3.5
Netherlands,2014,Pseudomonas aeruginosa,Carbapenems,543.0,4.4
Norway,2010,Pseudomonas aeruginosa,Carbapenems,168.0,1.2
Norway,2011,Pseudomonas aeruginosa,Carbapenems,148.0,4.1
Norway,2012,Pseudomonas aeruginosa,Carbapenems,208.0,6.7
Norway,2013,Pseudomonas aeruginosa,Carbapenems,206.0,5.8
Norway,2014,Pseudomonas aeruginosa,Carbapenems,256.0,5.9
Poland,2010,Pseudomonas aeruginosa,Carbapenems,167.0,24.6
Poland,2011,Pseudomonas aeruginosa,Carbapenems,184.0,24.5
Poland,2012,Pseudomonas aeruginosa,Carbapenems,171.0,22.8
Poland,2013,Pseudomonas aeruginosa,Carbapenems,189.0,32.3
Poland,2014,Pseudomonas aeruginosa,Carbapenems,,
Portugal,2010,Pseudomonas aeruginosa,Carbapenems,534.0,16.1
Portugal,2011,Pseudomonas aeruginosa,Carbapenems,505.0,19.8
Portugal,2012,Pseudomonas aeruginosa,Carbapenems,568.0,20.4
Portugal,2013,Pseudomonas aeruginosa,Carbapenems,733.0,20.6
Portugal,2014,Pseudomonas aeruginosa,Carbapenems,1064.0,22.5
Romania,2010,Pseudomonas aeruginosa,Carbapenems,10.0,70.0
Romania,2011,Pseudomonas aeruginosa,Carbapenems,10.0,60.0
Romania,2012,Pseudomonas aeruginosa,Carbapenems,45.0,57.8
Romania,2013,Pseudomonas aeruginosa,Carbapenems,86.0,60.5
Romania,2014,Pseudomonas aeruginosa,Carbapenems,94.0,58.5
Slovakia,2010,Pseudomonas aeruginosa,Carbapenems,,
Slovakia,2011,Pseudomonas aeruginosa,Carbapenems,249.0,30.5
Slovakia,2012,Pseudomonas aeruginosa,Carbapenems,179.0,40.8
Slovakia,2013,Pseudomonas aeruginosa,Carbapenems,214.0,58.9
Slovakia,2014,Pseudomonas aeruginosa,Carbapenems,250.0,38.4
Slovenia,2010,Pseudomonas aeruginosa,Carbapenems,89.0,19.1
Slovenia,2011,Pseudomonas aeruginosa,Carbapenems,118.0,23.7
Slovenia,2012,Pseudomonas aeruginosa,Carbapenems,134.0,21.6
Slovenia,2013,Pseudomonas aeruginosa,Carbapenems,133.0,25.6
Slovenia,2014,Pseudomonas aeruginosa,Carbapenems,112.0,31.3
Spain,2010,Pseudomonas aeruginosa,Carbapenems,749.0,17.8
Spain,2011,Pseudomonas aeruginosa,Carbapenems,839.0,16.3
Spain,2012,Pseudomonas aeruginosa,Carbapenems,853.0,16.4
Spain,2013,Pseudomonas aeruginosa,Carbapenems,825.0,17.6
Spain,2014,Pseudomonas aeruginosa,Carbapenems,872.0,18.5
Sweden,2010,Pseudomonas aeruginosa,Carbapenems,337.0,4.5
Sweden,2011,Pseudomonas aeruginosa,Carbapenems,487.0,8.0
Sweden,2012,Pseudomonas aeruginosa,Carbapenems,357.0,5.3
Sweden,2013,Pseudomonas aeruginosa,Carbapenems,517.0,7.2
Sweden,2014,Pseudomonas aeruginosa,Carbapenems,408.0,7.1
United Kingdom,2010,Pseudomonas aeruginosa,Carbapenems,493.0,6.5
United Kingdom,2011,Pseudomonas aeruginosa,Carbapenems,540.0,5.6
United Kingdom,2012,Pseudomonas aeruginosa,Carbapenems,603.0,6.3
United Kingdom,2013,Pseudomonas aeruginosa,Carbapenems,671.0,5.2
United Kingdom,2014,Pseudomonas aeruginosa,Carbapenems,590.0,6.3
Austria,2010,Pseudomonas aeruginosa,Ceftazidime,461.0,7.6
Austria,2011,Pseudomonas aeruginosa,Ceftazidime,498.0,10.6
Austria,2012,Pseudomonas aeruginosa,Ceftazidime,572.0,14.0
Austria,2013,Pseudomonas aeruginosa,Ceftazidime,608.0,9.5
Austria,2014,Pseudomonas aeruginosa,Ceftazidime,631.0,8.7
Belgium,2010,Pseudomonas aeruginosa,Ceftazidime,120.0,6.7
Belgium,2011,Pseudomonas aeruginosa,Ceftazidime,417.0,8.9
Belgium,2012,Pseudomonas aeruginosa,Ceftazidime,326.0,8.3
Belgium,2013,Pseudomonas aeruginosa,Ceftazidime,459.0,9.4
Belgium,2014,Pseudomonas aeruginosa,Ceftazidime,316.0,8.9
Bulgaria,2010,Pseudomonas aeruginosa,Ceftazidime,37.0,18.9
Bulgaria,2011,Pseudomonas aeruginosa,Ceftazidime,39.0,30.8
Bulgaria,2012,Pseudomonas aeruginosa,Ceftazidime,52.0,34.6
Bulgaria,2013,Pseudomonas aeruginosa,Ceftazidime,56.0,12.5
Bulgaria,2014,Pseudomonas aeruginosa,Ceftazidime,47.0,29.8
Croatia,2010,Pseudomonas aeruginosa,Ceftazidime,197.0,11.2
Croatia,2011,Pseudomonas aeruginosa,Ceftazidime,215.0,17.7
Croatia,2012,Pseudomonas aeruginosa,Ceftazidime,189.0,11.6
Croatia,2013,Pseudomonas aeruginosa,Ceftazidime,239.0,18.8
Croatia,2014,Pseudomonas aeruginosa,Ceftazidime,227.0,24.2
Cyprus,2010,Pseudomonas aeruginosa,Ceftazidime,48.0,16.7
Cyprus,2011,Pseudomonas aeruginosa,Ceftazidime,51.0,23.5
Cyprus,2012,Pseudomonas aeruginosa,Ceftazidime,52.0,15.4
Cyprus,2013,Pseudomonas aeruginosa,Ceftazidime,47.0,12.8
Cyprus,2014,Pseudomonas aeruginosa,Ceftazidime,42.0,23.8
Czech Republic,2010,Pseudomonas aeruginosa,Ceftazidime,509.0,28.5
Czech Republic,2011,Pseudomonas aeruginosa,Ceftazidime,448.0,20.3
Czech Republic,2012,Pseudomonas aeruginosa,Ceftazidime,489.0,20.4
Czech Republic,2013,Pseudomonas aeruginosa,Ceftazidime,516.0,22.9
Czech Republic,2014,Pseudomonas aeruginosa,Ceftazidime,446.0,21.5
Denmark,2010,Pseudomonas aeruginosa,Ceftazidime,358.0,2.8
Denmark,2011,Pseudomonas aeruginosa,Ceftazidime,402.0,5.2
Denmark,2012,Pseudomonas aeruginosa,Ceftazidime,325.0,4.9
Denmark,2013,Pseudomonas aeruginosa,Ceftazidime,357.0,3.1
Denmark,2014,Pseudomonas aeruginosa,Ceftazidime,386.0,3.9
Estonia,2010,Pseudomonas aeruginosa,Ceftazidime,9.0,
Estonia,2011,Pseudomonas aeruginosa,Ceftazidime,4.0,
Estonia,2012,Pseudomonas aeruginosa,Ceftazidime,29.0,17.2
Estonia,2013,Pseudomonas aeruginosa,Ceftazidime,19.0,0.0
Estonia,2014,Pseudomonas aeruginosa,Ceftazidime,28.0,7.1
Finland,2010,Pseudomonas aeruginosa,Ceftazidime,281.0,2.8
Finland,2011,Pseudomonas aeruginosa,Ceftazidime,215.0,9.3
Finland,2012,Pseudomonas aeruginosa,Ceftazidime,317.0,5.0
Finland,2013,Pseudomonas aeruginosa,Ceftazidime,321.0,5.0
Finland,2014,Pseudomonas aeruginosa,Ceftazidime,307.0,6.2
France,2010,Pseudomonas aeruginosa,Ceftazidime,1009.0,12.7
France,2011,Pseudomonas aeruginosa,Ceftazidime,1466.0,16.0
France,2012,Pseudomonas aeruginosa,Ceftazidime,1607.0,14.1
France,2013,Pseudomonas aeruginosa,Ceftazidime,1868.0,11.5
France,2014,Pseudomonas aeruginosa,Ceftazidime,1778.0,12.0
Germany,2010,Pseudomonas aeruginosa,Ceftazidime,309.0,8.1
Germany,2011,Pseudomonas aeruginosa,Ceftazidime,386.0,9.1
Germany,2012,Pseudomonas aeruginosa,Ceftazidime,437.0,9.6
Germany,2013,Pseudomonas aeruginosa,Ceftazidime,607.0,10.0
Germany,2014,Pseudomonas aeruginosa,Ceftazidime,638.0,9.9
Greece,2010,Pseudomonas aeruginosa,Ceftazidime,967.0,40.2
Greece,2011,Pseudomonas aeruginosa,Ceftazidime,930.0,37.4
Greece,2012,Pseudomonas aeruginosa,Ceftazidime,883.0,31.0
Greece,2013,Pseudomonas aeruginosa,Ceftazidime,849.0,27.9
Greece,2014,Pseudomonas aeruginosa,Ceftazidime,649.0,26.7
Hungary,2010,Pseudomonas aeruginosa,Ceftazidime,635.0,10.6
Hungary,2011,Pseudomonas aeruginosa,Ceftazidime,604.0,11.9
Hungary,2012,Pseudomonas aeruginosa,Ceftazidime,608.0,18.1
Hungary,2013,Pseudomonas aeruginosa,Ceftazidime,662.0,20.8
Hungary,2014,Pseudomonas aeruginosa,Ceftazidime,739.0,24.1
Iceland,2010,Pseudomonas aeruginosa,Ceftazidime,12.0,8.3
Iceland,2011,Pseudomonas aeruginosa,Ceftazidime,17.0,5.9
Iceland,2012,Pseudomonas aeruginosa,Ceftazidime,10.0,10.0
Iceland,2013,Pseudomonas aeruginosa,Ceftazidime,11.0,0.0
Iceland,2014,Pseudomonas aeruginosa,Ceftazidime,11.0,9.1
Ireland,2010,Pseudomonas aeruginosa,Ceftazidime,216.0,6.0
Ireland,2011,Pseudomonas aeruginosa,Ceftazidime,181.0,4.4
Ireland,2012,Pseudomonas aeruginosa,Ceftazidime,210.0,14.3
Ireland,2013,Pseudomonas aeruginosa,Ceftazidime,204.0,7.8
Ireland,2014,Pseudomonas aeruginosa,Ceftazidime,175.0,8.0
Italy,2010,Pseudomonas aeruginosa,Ceftazidime,407.0,17.7
Italy,2011,Pseudomonas aeruginosa,Ceftazidime,303.0,16.2
Italy,2012,Pseudomonas aeruginosa,Ceftazidime,603.0,25.5
Italy,2013,Pseudomonas aeruginosa,Ceftazidime,722.0,23.7
Italy,2014,Pseudomonas aeruginosa,Ceftazidime,683.0,24.9
Latvia,2010,Pseudomonas aeruginosa,Ceftazidime,21.0,9.5
Latvia,2011,Pseudomonas aeruginosa,Ceftazidime,11.0,9.1
Latvia,2012,Pseudomonas aeruginosa,Ceftazidime,18.0,22.2
Latvia,2013,Pseudomonas aeruginosa,Ceftazidime,25.0,24.0
Latvia,2014,Pseudomonas aeruginosa,Ceftazidime,3.0,
Lithuania,2010,Pseudomonas aeruginosa,Ceftazidime,31.0,9.7
Lithuania,2011,Pseudomonas aeruginosa,Ceftazidime,29.0,20.7
Lithuania,2012,Pseudomonas aeruginosa,Ceftazidime,28.0,7.1
Lithuania,2013,Pseudomonas aeruginosa,Ceftazidime,37.0,8.1
Lithuania,2014,Pseudomonas aeruginosa,Ceftazidime,30.0,16.7
Luxembourg,2010,Pseudomonas aeruginosa,Ceftazidime,32.0,0.0
Luxembourg,2011,Pseudomonas aeruginosa,Ceftazidime,32.0,9.4
Luxembourg,2012,Pseudomonas aeruginosa,Ceftazidime,31.0,3.2
Luxembourg,2013,Pseudomonas aeruginosa,Ceftazidime,34.0,11.8
Luxembourg,2014,Pseudomonas aeruginosa,Ceftazidime,41.0,2.4
Malta,2010,Pseudomonas aeruginosa,Ceftazidime,42.0,14.3
Malta,2011,Pseudomonas aeruginosa,Ceftazidime,42.0,11.9
Malta,2012,Pseudomonas aeruginosa,Ceftazidime,31.0,6.5
Malta,2013,Pseudomonas aeruginosa,Ceftazidime,25.0,8.0
Malta,2014,Pseudomonas aeruginosa,Ceftazidime,38.0,5.3
Netherlands,2010,Pseudomonas aeruginosa,Ceftazidime,372.0,2.7
Netherlands,2011,Pseudomonas aeruginosa,Ceftazidime,434.0,4.6
Netherlands,2012,Pseudomonas aeruginosa,Ceftazidime,398.0,2.8
Netherlands,2013,Pseudomonas aeruginosa,Ceftazidime,371.0,3.8
Netherlands,2014,Pseudomonas aeruginosa,Ceftazidime,534.0,4.9
Norway,2010,Pseudomonas aeruginosa,Ceftazidime,162.0,2.5
Norway,2011,Pseudomonas aeruginosa,Ceftazidime,146.0,3.4
Norway,2012,Pseudomonas aeruginosa,Ceftazidime,202.0,6.4
Norway,2013,Pseudomonas aeruginosa,Ceftazidime,193.0,6.2
Norway,2014,Pseudomonas aeruginosa,Ceftazidime,251.0,5.2
Poland,2010,Pseudomonas aeruginosa,Ceftazidime,151.0,21.9
Poland,2011,Pseudomonas aeruginosa,Ceftazidime,142.0,23.2
Poland,2012,Pseudomonas aeruginosa,Ceftazidime,156.0,23.7
Poland,2013,Pseudomonas aeruginosa,Ceftazidime,49.0,22.4
Poland,2014,Pseudomonas aeruginosa,Ceftazidime,,
Portugal,2010,Pseudomonas aeruginosa,Ceftazidime,547.0,12.2
Portugal,2011,Pseudomonas aeruginosa,Ceftazidime,526.0,15.2
Portugal,2012,Pseudomonas aeruginosa,Ceftazidime,587.0,15.3
Portugal,2013,Pseudomonas aeruginosa,Ceftazidime,737.0,15.5
Portugal,2014,Pseudomonas aeruginosa,Ceftazidime,1061.0,22.0
Romania,2010,Pseudomonas aeruginosa,Ceftazidime,10.0,60.0
Romania,2011,Pseudomonas aeruginosa,Ceftazidime,9.0,
Romania,2012,Pseudomonas aeruginosa,Ceftazidime,39.0,51.3
Romania,2013,Pseudomonas aeruginosa,Ceftazidime,64.0,43.8
Romania,2014,Pseudomonas aeruginosa,Ceftazidime,88.0,59.1
Slovakia,2010,Pseudomonas aeruginosa,Ceftazidime,,
Slovakia,2011,Pseudomonas aeruginosa,Ceftazidime,250.0,25.2
Slovakia,2012,Pseudomonas aeruginosa,Ceftazidime,154.0,35.1
Slovakia,2013,Pseudomonas aeruginosa,Ceftazidime,285.0,30.9
Slovakia,2014,Pseudomonas aeruginosa,Ceftazidime,261.0,29.5
Slovenia,2010,Pseudomonas aeruginosa,Ceftazidime,95.0,5.3
Slovenia,2011,Pseudomonas aeruginosa,Ceftazidime,118.0,7.6
Slovenia,2012,Pseudomonas aeruginosa,Ceftazidime,134.0,6.7
Slovenia,2013,Pseudomonas aeruginosa,Ceftazidime,133.0,13.5
Slovenia,2014,Pseudomonas aeruginosa,Ceftazidime,112.0,20.5
Spain,2010,Pseudomonas aeruginosa,Ceftazidime,749.0,7.5
Spain,2011,Pseudomonas aeruginosa,Ceftazidime,836.0,8.9
Spain,2012,Pseudomonas aeruginosa,Ceftazidime,839.0,8.9
Spain,2013,Pseudomonas aeruginosa,Ceftazidime,825.0,9.0
Spain,2014,Pseudomonas aeruginosa,Ceftazidime,864.0,9.6
Sweden,2010,Pseudomonas aeruginosa,Ceftazidime,311.0,2.9
Sweden,2011,Pseudomonas aeruginosa,Ceftazidime,475.0,5.1
Sweden,2012,Pseudomonas aeruginosa,Ceftazidime,357.0,6.2
Sweden,2013,Pseudomonas aeruginosa,Ceftazidime,531.0,6.8
Sweden,2014,Pseudomonas aeruginosa,Ceftazidime,433.0,5.5
United Kingdom,2010,Pseudomonas aeruginosa,Ceftazidime,533.0,4.9
United Kingdom,2011,Pseudomonas aeruginosa,Ceftazidime,578.0,4.8
United Kingdom,2012,Pseudomonas aeruginosa,Ceftazidime,634.0,3.9
United Kingdom,2013,Pseudomonas aeruginosa,Ceftazidime,695.0,3.7
United Kingdom,2014,Pseudomonas aeruginosa,Ceftazidime,588.0,4.6
Austria,2010,Pseudomonas aeruginosa,Combined resistance,503.0,9.1
Austria,2011,Pseudomonas aeruginosa,Combined resistance,537.0,10.8
Austria,2012,Pseudomonas aeruginosa,Combined resistance,595.0,10.8
Austria,2013,Pseudomonas aeruginosa,Combined resistance,617.0,8.3
Austria,2014,Pseudomonas aeruginosa,Combined resistance,638.0,7.1
Belgium,2010,Pseudomonas aeruginosa,Combined resistance,121.0,5.0
Belgium,2011,Pseudomonas aeruginosa,Combined resistance,424.0,10.8
Belgium,2012,Pseudomonas aeruginosa,Combined resistance,346.0,8.7
Belgium,2013,Pseudomonas aeruginosa,Combined resistance,487.0,11.3
Belgium,2014,Pseudomonas aeruginosa,Combined resistance,317.0,8.2
Bulgaria,2010,Pseudomonas aeruginosa,Combined resistance,42.0,16.7
Bulgaria,2011,Pseudomonas aeruginosa,Combined resistance,48.0,25.0
Bulgaria,2012,Pseudomonas aeruginosa,Combined resistance,52.0,34.6
Bulgaria,2013,Pseudomonas aeruginosa,Combined resistance,60.0,8.3
Bulgaria,2014,Pseudomonas aeruginosa,Combined resistance,48.0,29.2
Croatia,2010,Pseudomonas aeruginosa,Combined resistance,210.0,19.0
Croatia,2011,Pseudomonas aeruginosa,Combined resistance,227.0,26.9
Croatia,2012,Pseudomonas aeruginosa,Combined resistance,197.0,20.3
Croatia,2013,Pseudomonas aeruginosa,Combined resistance,245.0,18.4
Croatia,2014,Pseudomonas aeruginosa,Combined resistance,232.0,31.5
Cyprus,2010,Pseudomonas aeruginosa,Combined resistance,48.0,14.6
Cyprus,2011,Pseudomonas aeruginosa,Combined resistance,51.0,19.6
Cyprus,2012,Pseudomonas aeruginosa,Combined resistance,52.0,17.3
Cyprus,2013,Pseudomonas aeruginosa,Combined resistance,47.0,4.3
Cyprus,2014,Pseudomonas aeruginosa,Combined resistance,42.0,16.7
Czech Republic,2010,Pseudomonas aeruginosa,Combined resistance,510.0,29.4
Czech Republic,2011,Pseudomonas aeruginosa,Combined resistance,448.0,21.2
Czech Republic,2012,Pseudomonas aeruginosa,Combined resistance,489.0,21.7
Czech Republic,2013,Pseudomonas aeruginosa,Combined resistance,516.0,23.3
Czech Republic,2014,Pseudomonas aeruginosa,Combined resistance,446.0,20.2
Denmark,2010,Pseudomonas aeruginosa,Combined resistance,360.0,1.9
Denmark,2011,Pseudomonas aeruginosa,Combined resistance,404.0,3.2
Denmark,2012,Pseudomonas aeruginosa,Combined resistance,388.0,1.8
Denmark,2013,Pseudomonas aeruginosa,Combined resistance,414.0,1.7
Denmark,2014,Pseudomonas aeruginosa,Combined resistance,388.0,1.5
Estonia,2010,Pseudomonas aeruginosa,Combined resistance,10.0,20.0
Estonia,2011,Pseudomonas aeruginosa,Combined resistance,13.0,0.0
Estonia,2012,Pseudomonas aeruginosa,Combined resistance,33.0,9.1
Estonia,2013,Pseudomonas aeruginosa,Combined resistance,21.0,0.0
Estonia,2014,Pseudomonas aeruginosa,Combined resistance,40.0,0.0
Finland,2010,Pseudomonas aeruginosa,Combined resistance,281.0,5.3
Finland,2011,Pseudomonas aeruginosa,Combined resistance,233.0,7.7
Finland,2012,Pseudomonas aeruginosa,Combined resistance,327.0,4.6
Finland,2013,Pseudomonas aeruginosa,Combined resistance,326.0,4.6
Finland,2014,Pseudomonas aeruginosa,Combined resistance,306.0,3.9
France,2010,Pseudomonas aeruginosa,Combined resistance,1191.0,14.7
France,2011,Pseudomonas aeruginosa,Combined resistance,1621.0,19.0
France,2012,Pseudomonas aeruginosa,Combined resistance,1723.0,14.7
France,2013,Pseudomonas aeruginosa,Combined resistance,1869.0,12.6
France,2014,Pseudomonas aeruginosa,Combined resistance,1784.0,13.7
Germany,2010,Pseudomonas aeruginosa,Combined resistance,315.0,9.5
Germany,2011,Pseudomonas aeruginosa,Combined resistance,387.0,7.2
Germany,2012,Pseudomonas aeruginosa,Combined resistance,438.0,8.4
Germany,2013,Pseudomonas aeruginosa,Combined resistance,609.0,9.2
Germany,2014,Pseudomonas aeruginosa,Combined resistance,643.0,8.9
Greece,2010,Pseudomonas aeruginosa,Combined resistance,982.0,42.5
Greece,2011,Pseudomonas aeruginosa,Combined resistance,935.0,38.4
Greece,2012,Pseudomonas aeruginosa,Combined resistance,898.0,40.2
Greece,2013,Pseudomonas aeruginosa,Combined resistance,859.0,39.3
Greece,2014,Pseudomonas aeruginosa,Combined resistance,679.0,36.4
Hungary,2010,Pseudomonas aeruginosa,Combined resistance,636.0,17.8
Hungary,2011,Pseudomonas aeruginosa,Combined resistance,604.0,12.4
Hungary,2012,Pseudomonas aeruginosa,Combined resistance,619.0,17.6
Hungary,2013,Pseudomonas aeruginosa,Combined resistance,668.0,18.9
Hungary,2014,Pseudomonas aeruginosa,Combined resistance,746.0,21.8
Iceland,2010,Pseudomonas aeruginosa,Combined resistance,12.0,8.3
Iceland,2011,Pseudomonas aeruginosa,Combined resistance,17.0,5.9
Iceland,2012,Pseudomonas aeruginosa,Combined resistance,10.0,10.0
Iceland,2013,Pseudomonas aeruginosa,Combined resistance,11.0,0.0
Iceland,2014,Pseudomonas aeruginosa,Combined resistance,11.0,0.0
Ireland,2010,Pseudomonas aeruginosa,Combined resistance,219.0,5.0
Ireland,2011,Pseudomonas aeruginosa,Combined resistance,181.0,3.3
Ireland,2012,Pseudomonas aeruginosa,Combined resistance,215.0,10.2
Ireland,2013,Pseudomonas aeruginosa,Combined resistance,205.0,7.3
Ireland,2014,Pseudomonas aeruginosa,Combined resistance,178.0,5.6
Italy,2010,Pseudomonas aeruginosa,Combined resistance,469.0,21.1
Italy,2011,Pseudomonas aeruginosa,Combined resistance,319.0,16.9
Italy,2012,Pseudomonas aeruginosa,Combined resistance,648.0,23.9
Italy,2013,Pseudomonas aeruginosa,Combined resistance,779.0,24.5
Italy,2014,Pseudomonas aeruginosa,Combined resistance,748.0,23.0
Latvia,2010,Pseudomonas aeruginosa,Combined resistance,21.0,9.5
Latvia,2011,Pseudomonas aeruginosa,Combined resistance,12.0,8.3
Latvia,2012,Pseudomonas aeruginosa,Combined resistance,18.0,11.1
Latvia,2013,Pseudomonas aeruginosa,Combined resistance,25.0,24.0
Latvia,2014,Pseudomonas aeruginosa,Combined resistance,18.0,11.1
Lithuania,2010,Pseudomonas aeruginosa,Combined resistance,31.0,9.7
Lithuania,2011,Pseudomonas aeruginosa,Combined resistance,30.0,10.0
Lithuania,2012,Pseudomonas aeruginosa,Combined resistance,28.0,14.3
Lithuania,2013,Pseudomonas aeruginosa,Combined resistance,37.0,8.1
Lithuania,2014,Pseudomonas aeruginosa,Combined resistance,31.0,25.8
Luxembourg,2010,Pseudomonas aeruginosa,Combined resistance,32.0,9.4
Luxembourg,2011,Pseudomonas aeruginosa,Combined resistance,32.0,15.6
Luxembourg,2012,Pseudomonas aeruginosa,Combined resistance,31.0,6.5
Luxembourg,2013,Pseudomonas aeruginosa,Combined resistance,34.0,5.9
Luxembourg,2014,Pseudomonas aeruginosa,Combined resistance,41.0,4.9
Malta,2010,Pseudomonas aeruginosa,Combined resistance,42.0,28.6
Malta,2011,Pseudomonas aeruginosa,Combined resistance,42.0,23.8
Malta,2012,Pseudomonas aeruginosa,Combined resistance,31.0,0.0
Malta,2013,Pseudomonas aeruginosa,Combined resistance,25.0,8.0
Malta,2014,Pseudomonas aeruginosa,Combined resistance,38.0,7.9
Netherlands,2010,Pseudomonas aeruginosa,Combined resistance,375.0,1.1
Netherlands,2011,Pseudomonas aeruginosa,Combined resistance,434.0,3.0
Netherlands,2012,Pseudomonas aeruginosa,Combined resistance,402.0,2.5
Netherlands,2013,Pseudomonas aeruginosa,Combined resistance,375.0,2.4
Netherlands,2014,Pseudomonas aeruginosa,Combined resistance,544.0,2.8
Norway,2010,Pseudomonas aeruginosa,Combined resistance,167.0,0.6
Norway,2011,Pseudomonas aeruginosa,Combined resistance,148.0,1.4
Norway,2012,Pseudomonas aeruginosa,Combined resistance,209.0,3.3
Norway,2013,Pseudomonas aeruginosa,Combined resistance,205.0,3.4
Norway,2014,Pseudomonas aeruginosa,Combined resistance,257.0,1.6
Poland,2010,Pseudomonas aeruginosa,Combined resistance,163.0,25.2
Poland,2011,Pseudomonas aeruginosa,Combined resistance,195.0,26.2
Poland,2012,Pseudomonas aeruginosa,Combined resistance,176.0,21.6
Poland,2013,Pseudomonas aeruginosa,Combined resistance,189.0,14.3
Poland,2014,Pseudomonas aeruginosa,Combined resistance,,
Portugal,2010,Pseudomonas aeruginosa,Combined resistance,548.0,14.1
Portugal,2011,Pseudomonas aeruginosa,Combined resistance,525.0,16.2
Portugal,2012,Pseudomonas aeruginosa,Combined resistance,587.0,18.1
Portugal,2013,Pseudomonas aeruginosa,Combined resistance,737.0,11.9
Portugal,2014,Pseudomonas aeruginosa,Combined resistance,1064.0,20.6
Romania,2010,Pseudomonas aeruginosa,Combined resistance,10.0,50.0
Romania,2011,Pseudomonas aeruginosa,Combined resistance,10.0,60.0
Romania,2012,Pseudomonas aeruginosa,Combined resistance,45.0,48.9
Romania,2013,Pseudomonas aeruginosa,Combined resistance,83.0,49.4
Romania,2014,Pseudomonas aeruginosa,Combined resistance,94.0,59.6
Slovakia,2010,Pseudomonas aeruginosa,Combined resistance,,
Slovakia,2011,Pseudomonas aeruginosa,Combined resistance,267.0,40.1
Slovakia,2012,Pseudomonas aeruginosa,Combined resistance,199.0,39.2
Slovakia,2013,Pseudomonas aeruginosa,Combined resistance,285.0,36.1
Slovakia,2014,Pseudomonas aeruginosa,Combined resistance,268.0,37.3
Slovenia,2010,Pseudomonas aeruginosa,Combined resistance,95.0,9.5
Slovenia,2011,Pseudomonas aeruginosa,Combined resistance,118.0,10.2
Slovenia,2012,Pseudomonas aeruginosa,Combined resistance,134.0,9.7
Slovenia,2013,Pseudomonas aeruginosa,Combined resistance,133.0,11.3
Slovenia,2014,Pseudomonas aeruginosa,Combined resistance,112.0,19.6
Spain,2010,Pseudomonas aeruginosa,Combined resistance,749.0,12.3
Spain,2011,Pseudomonas aeruginosa,Combined resistance,839.0,12.6
Spain,2012,Pseudomonas aeruginosa,Combined resistance,853.0,10.8
Spain,2013,Pseudomonas aeruginosa,Combined resistance,825.0,12.2
Spain,2014,Pseudomonas aeruginosa,Combined resistance,873.0,12.4
Sweden,2010,Pseudomonas aeruginosa,Combined resistance,329.0,0.3
Sweden,2011,Pseudomonas aeruginosa,Combined resistance,476.0,2.1
Sweden,2012,Pseudomonas aeruginosa,Combined resistance,357.0,2.8
Sweden,2013,Pseudomonas aeruginosa,Combined resistance,531.0,4.1
Sweden,2014,Pseudomonas aeruginosa,Combined resistance,436.0,1.6
United Kingdom,2010,Pseudomonas aeruginosa,Combined resistance,566.0,2.1
United Kingdom,2011,Pseudomonas aeruginosa,Combined resistance,587.0,2.6
United Kingdom,2012,Pseudomonas aeruginosa,Combined resistance,666.0,1.7
United Kingdom,2013,Pseudomonas aeruginosa,Combined resistance,711.0,2.4
United Kingdom,2014,Pseudomonas aeruginosa,Combined resistance,627.0,1.6
Austria,2010,Pseudomonas aeruginosa,Fluoroquinolones,500.0,15.6
Austria,2011,Pseudomonas aeruginosa,Fluoroquinolones,511.0,18.6
Austria,2012,Pseudomonas aeruginosa,Fluoroquinolones,487.0,14.4
Austria,2013,Pseudomonas aeruginosa,Fluoroquinolones,533.0,15.2
Austria,2014,Pseudomonas aeruginosa,Fluoroquinolones,599.0,10.9
Belgium,2010,Pseudomonas aeruginosa,Fluoroquinolones,121.0,12.4
Belgium,2011,Pseudomonas aeruginosa,Fluoroquinolones,397.0,21.2
Belgium,2012,Pseudomonas aeruginosa,Fluoroquinolones,329.0,18.2
Belgium,2013,Pseudomonas aeruginosa,Fluoroquinolones,486.0,16.9
Belgium,2014,Pseudomonas aeruginosa,Fluoroquinolones,309.0,12.6
Bulgaria,2010,Pseudomonas aeruginosa,Fluoroquinolones,42.0,21.4
Bulgaria,2011,Pseudomonas aeruginosa,Fluoroquinolones,47.0,29.8
Bulgaria,2012,Pseudomonas aeruginosa,Fluoroquinolones,52.0,32.7
Bulgaria,2013,Pseudomonas aeruginosa,Fluoroquinolones,60.0,18.3
Bulgaria,2014,Pseudomonas aeruginosa,Fluoroquinolones,48.0,27.1
Croatia,2010,Pseudomonas aeruginosa,Fluoroquinolones,208.0,26.4
Croatia,2011,Pseudomonas aeruginosa,Fluoroquinolones,225.0,35.1
Croatia,2012,Pseudomonas aeruginosa,Fluoroquinolones,194.0,23.7
Croatia,2013,Pseudomonas aeruginosa,Fluoroquinolones,240.0,21.7
Croatia,2014,Pseudomonas aeruginosa,Fluoroquinolones,230.0,30.0
Cyprus,2010,Pseudomonas aeruginosa,Fluoroquinolones,47.0,17.0
Cyprus,2011,Pseudomonas aeruginosa,Fluoroquinolones,51.0,13.7
Cyprus,2012,Pseudomonas aeruginosa,Fluoroquinolones,52.0,15.4
Cyprus,2013,Pseudomonas aeruginosa,Fluoroquinolones,47.0,10.6
Cyprus,2014,Pseudomonas aeruginosa,Fluoroquinolones,42.0,16.7
Czech Republic,2010,Pseudomonas aeruginosa,Fluoroquinolones,510.0,40.8
Czech Republic,2011,Pseudomonas aeruginosa,Fluoroquinolones,448.0,33.9
Czech Republic,2012,Pseudomonas aeruginosa,Fluoroquinolones,489.0,30.9
Czech Republic,2013,Pseudomonas aeruginosa,Fluoroquinolones,516.0,33.7
Czech Republic,2014,Pseudomonas aeruginosa,Fluoroquinolones,447.0,32.7
Denmark,2010,Pseudomonas aeruginosa,Fluoroquinolones,360.0,6.1
Denmark,2011,Pseudomonas aeruginosa,Fluoroquinolones,403.0,6.9
Denmark,2012,Pseudomonas aeruginosa,Fluoroquinolones,389.0,4.1
Denmark,2013,Pseudomonas aeruginosa,Fluoroquinolones,408.0,3.2
Denmark,2014,Pseudomonas aeruginosa,Fluoroquinolones,388.0,3.6
Estonia,2010,Pseudomonas aeruginosa,Fluoroquinolones,10.0,20.0
Estonia,2011,Pseudomonas aeruginosa,Fluoroquinolones,16.0,6.3
Estonia,2012,Pseudomonas aeruginosa,Fluoroquinolones,32.0,15.6
Estonia,2013,Pseudomonas aeruginosa,Fluoroquinolones,20.0,25.0
Estonia,2014,Pseudomonas aeruginosa,Fluoroquinolones,39.0,10.3
Finland,2010,Pseudomonas aeruginosa,Fluoroquinolones,280.0,11.1
Finland,2011,Pseudomonas aeruginosa,Fluoroquinolones,233.0,15.5
Finland,2012,Pseudomonas aeruginosa,Fluoroquinolones,327.0,8.0
Finland,2013,Pseudomonas aeruginosa,Fluoroquinolones,316.0,11.4
Finland,2014,Pseudomonas aeruginosa,Fluoroquinolones,289.0,10.0
France,2010,Pseudomonas aeruginosa,Fluoroquinolones,1181.0,22.8
France,2011,Pseudomonas aeruginosa,Fluoroquinolones,1554.0,27.0
France,2012,Pseudomonas aeruginosa,Fluoroquinolones,1723.0,22.2
France,2013,Pseudomonas aeruginosa,Fluoroquinolones,1863.0,21.2
France,2014,Pseudomonas aeruginosa,Fluoroquinolones,1779.0,20.6
Germany,2010,Pseudomonas aeruginosa,Fluoroquinolones,315.0,18.4
Germany,2011,Pseudomonas aeruginosa,Fluoroquinolones,385.0,18.2
Germany,2012,Pseudomonas aeruginosa,Fluoroquinolones,434.0,19.6
Germany,2013,Pseudomonas aeruginosa,Fluoroquinolones,607.0,16.3
Germany,2014,Pseudomonas aeruginosa,Fluoroquinolones,623.0,13.0
Greece,2010,Pseudomonas aeruginosa,Fluoroquinolones,985.0,45.7
Greece,2011,Pseudomonas aeruginosa,Fluoroquinolones,933.0,38.8
Greece,2012,Pseudomonas aeruginosa,Fluoroquinolones,864.0,44.3
Greece,2013,Pseudomonas aeruginosa,Fluoroquinolones,853.0,43.5
Greece,2014,Pseudomonas aeruginosa,Fluoroquinolones,676.0,37.7
Hungary,2010,Pseudomonas aeruginosa,Fluoroquinolones,629.0,26.7
Hungary,2011,Pseudomonas aeruginosa,Fluoroquinolones,599.0,20.4
Hungary,2012,Pseudomonas aeruginosa,Fluoroquinolones,618.0,22.3
Hungary,2013,Pseudomonas aeruginosa,Fluoroquinolones,667.0,23.4
Hungary,2014,Pseudomonas aeruginosa,Fluoroquinolones,743.0,24.6
Iceland,2010,Pseudomonas aeruginosa,Fluoroquinolones,12.0,16.7
Iceland,2011,Pseudomonas aeruginosa,Fluoroquinolones,16.0,6.3
Iceland,2012,Pseudomonas aeruginosa,Fluoroquinolones,10.0,10.0
Iceland,2013,Pseudomonas aeruginosa,Fluoroquinolones,11.0,0.0
Iceland,2014,Pseudomonas aeruginosa,Fluoroquinolones,11.0,0.0
Ireland,2010,Pseudomonas aeruginosa,Fluoroquinolones,218.0,10.6
Ireland,2011,Pseudomonas aeruginosa,Fluoroquinolones,179.0,6.1
Ireland,2012,Pseudomonas aeruginosa,Fluoroquinolones,215.0,14.9
Ireland,2013,Pseudomonas aeruginosa,Fluoroquinolones,205.0,12.2
Ireland,2014,Pseudomonas aeruginosa,Fluoroquinolones,178.0,8.4
Italy,2010,Pseudomonas aeruginosa,Fluoroquinolones,467.0,31.0
Italy,2011,Pseudomonas aeruginosa,Fluoroquinolones,318.0,26.1
Italy,2012,Pseudomonas aeruginosa,Fluoroquinolones,675.0,31.4
Italy,2013,Pseudomonas aeruginosa,Fluoroquinolones,773.0,28.7
Italy,2014,Pseudomonas aeruginosa,Fluoroquinolones,739.0,28.3
Latvia,2010,Pseudomonas aeruginosa,Fluoroquinolones,21.0,19.0
Latvia,2011,Pseudomonas aeruginosa,Fluoroquinolones,12.0,25.0
Latvia,2012,Pseudomonas aeruginosa,Fluoroquinolones,18.0,22.2
Latvia,2013,Pseudomonas aeruginosa,Fluoroquinolones,25.0,24.0
Latvia,2014,Pseudomonas aeruginosa,Fluoroquinolones,18.0,16.7
Lithuania,2010,Pseudomonas aeruginosa,Fluoroquinolones,31.0,16.1
Lithuania,2011,Pseudomonas aeruginosa,Fluoroquinolones,30.0,16.7
Lithuania,2012,Pseudomonas aeruginosa,Fluoroquinolones,28.0,10.7
Lithuania,2013,Pseudomonas aeruginosa,Fluoroquinolones,37.0,10.8
Lithuania,2014,Pseudomonas aeruginosa,Fluoroquinolones,31.0,25.8
Luxembourg,2010,Pseudomonas aeruginosa,Fluoroquinolones,32.0,21.9
Luxembourg,2011,Pseudomonas aeruginosa,Fluoroquinolones,32.0,18.8
Luxembourg,2012,Pseudomonas aeruginosa,Fluoroquinolones,31.0,19.4
Luxembourg,2013,Pseudomonas aeruginosa,Fluoroquinolones,34.0,20.6
Luxembourg,2014,Pseudomonas aeruginosa,Fluoroquinolones,41.0,9.8
Malta,2010,Pseudomonas aeruginosa,Fluoroquinolones,42.0,23.8
Malta,2011,Pseudomonas aeruginosa,Fluoroquinolones,42.0,19.0
Malta,2012,Pseudomonas aeruginosa,Fluoroquinolones,31.0,0.0
Malta,2013,Pseudomonas aeruginosa,Fluoroquinolones,25.0,8.0
Malta,2014,Pseudomonas aeruginosa,Fluoroquinolones,38.0,5.3
Netherlands,2010,Pseudomonas aeruginosa,Fluoroquinolones,375.0,4.3
Netherlands,2011,Pseudomonas aeruginosa,Fluoroquinolones,434.0,7.1
Netherlands,2012,Pseudomonas aeruginosa,Fluoroquinolones,395.0,6.1
Netherlands,2013,Pseudomonas aeruginosa,Fluoroquinolones,370.0,6.2
Netherlands,2014,Pseudomonas aeruginosa,Fluoroquinolones,541.0,6.7
Norway,2010,Pseudomonas aeruginosa,Fluoroquinolones,165.0,3.6
Norway,2011,Pseudomonas aeruginosa,Fluoroquinolones,147.0,5.4
Norway,2012,Pseudomonas aeruginosa,Fluoroquinolones,209.0,5.7
Norway,2013,Pseudomonas aeruginosa,Fluoroquinolones,205.0,8.8
Norway,2014,Pseudomonas aeruginosa,Fluoroquinolones,257.0,3.1
Poland,2010,Pseudomonas aeruginosa,Fluoroquinolones,158.0,27.8
Poland,2011,Pseudomonas aeruginosa,Fluoroquinolones,194.0,30.4
Poland,2012,Pseudomonas aeruginosa,Fluoroquinolones,175.0,26.9
Poland,2013,Pseudomonas aeruginosa,Fluoroquinolones,194.0,29.4
Poland,2014,Pseudomonas aeruginosa,Fluoroquinolones,,
Portugal,2010,Pseudomonas aeruginosa,Fluoroquinolones,533.0,20.3
Portugal,2011,Pseudomonas aeruginosa,Fluoroquinolones,516.0,25.6
Portugal,2012,Pseudomonas aeruginosa,Fluoroquinolones,587.0,25.6
Portugal,2013,Pseudomonas aeruginosa,Fluoroquinolones,735.0,23.9
Portugal,2014,Pseudomonas aeruginosa,Fluoroquinolones,1062.0,26.3
Romania,2010,Pseudomonas aeruginosa,Fluoroquinolones,9.0,
Romania,2011,Pseudomonas aeruginosa,Fluoroquinolones,9.0,
Romania,2012,Pseudomonas aeruginosa,Fluoroquinolones,45.0,53.3
Romania,2013,Pseudomonas aeruginosa,Fluoroquinolones,84.0,45.2
Romania,2014,Pseudomonas aeruginosa,Fluoroquinolones,92.0,55.4
Slovakia,2010,Pseudomonas aeruginosa,Fluoroquinolones,,
Slovakia,2011,Pseudomonas aeruginosa,Fluoroquinolones,266.0,58.6
Slovakia,2012,Pseudomonas aeruginosa,Fluoroquinolones,199.0,56.3
Slovakia,2013,Pseudomonas aeruginosa,Fluoroquinolones,286.0,53.1
Slovakia,2014,Pseudomonas aeruginosa,Fluoroquinolones,275.0,45.5
Slovenia,2010,Pseudomonas aeruginosa,Fluoroquinolones,95.0,9.5
Slovenia,2011,Pseudomonas aeruginosa,Fluoroquinolones,118.0,9.3
Slovenia,2012,Pseudomonas aeruginosa,Fluoroquinolones,134.0,14.9
Slovenia,2013,Pseudomonas aeruginosa,Fluoroquinolones,133.0,11.3
Slovenia,2014,Pseudomonas aeruginosa,Fluoroquinolones,112.0,22.3
Spain,2010,Pseudomonas aeruginosa,Fluoroquinolones,749.0,24.8
Spain,2011,Pseudomonas aeruginosa,Fluoroquinolones,838.0,24.2
Spain,2012,Pseudomonas aeruginosa,Fluoroquinolones,848.0,21.0
Spain,2013,Pseudomonas aeruginosa,Fluoroquinolones,825.0,22.7
Spain,2014,Pseudomonas aeruginosa,Fluoroquinolones,873.0,24.6
Sweden,2010,Pseudomonas aeruginosa,Fluoroquinolones,317.0,6.3
Sweden,2011,Pseudomonas aeruginosa,Fluoroquinolones,441.0,5.2
Sweden,2012,Pseudomonas aeruginosa,Fluoroquinolones,357.0,6.7
Sweden,2013,Pseudomonas aeruginosa,Fluoroquinolones,531.0,6.0
Sweden,2014,Pseudomonas aeruginosa,Fluoroquinolones,338.0,7.7
United Kingdom,2010,Pseudomonas aeruginosa,Fluoroquinolones,568.0,6.7
United Kingdom,2011,Pseudomonas aeruginosa,Fluoroquinolones,585.0,6.2
United Kingdom,2012,Pseudomonas aeruginosa,Fluoroquinolones,664.0,4.8
United Kingdom,2013,Pseudomonas aeruginosa,Fluoroquinolones,711.0,5.8
United Kingdom,2014,Pseudomonas aeruginosa,Fluoroquinolones,629.0,5.4
Austria,2010,Pseudomonas aeruginosa,Piperacillin,503.0,8.7
Austria,2011,Pseudomonas aeruginosa,Piperacillin,528.0,13.6
Austria,2012,Pseudomonas aeruginosa,Piperacillin,588.0,18.2
Austria,2013,Pseudomonas aeruginosa,Piperacillin,616.0,13.3
Austria,2014,Pseudomonas aeruginosa,Piperacillin,636.0,11.8
Belgium,2010,Pseudomonas aeruginosa,Piperacillin,121.0,11.6
Belgium,2011,Pseudomonas aeruginosa,Piperacillin,376.0,15.4
Belgium,2012,Pseudomonas aeruginosa,Piperacillin,342.0,9.6
Belgium,2013,Pseudomonas aeruginosa,Piperacillin,431.0,13.2
Belgium,2014,Pseudomonas aeruginosa,Piperacillin,294.0,9.5
Bulgaria,2010,Pseudomonas aeruginosa,Piperacillin,41.0,14.6
Bulgaria,2011,Pseudomonas aeruginosa,Piperacillin,43.0,23.3
Bulgaria,2012,Pseudomonas aeruginosa,Piperacillin,50.0,26.0
Bulgaria,2013,Pseudomonas aeruginosa,Piperacillin,59.0,13.6
Bulgaria,2014,Pseudomonas aeruginosa,Piperacillin,48.0,31.3
Croatia,2010,Pseudomonas aeruginosa,Piperacillin,208.0,15.9
Croatia,2011,Pseudomonas aeruginosa,Piperacillin,224.0,23.2
Croatia,2012,Pseudomonas aeruginosa,Piperacillin,194.0,21.6
Croatia,2013,Pseudomonas aeruginosa,Piperacillin,233.0,23.6
Croatia,2014,Pseudomonas aeruginosa,Piperacillin,216.0,24.5
Cyprus,2010,Pseudomonas aeruginosa,Piperacillin,48.0,18.8
Cyprus,2011,Pseudomonas aeruginosa,Piperacillin,51.0,19.6
Cyprus,2012,Pseudomonas aeruginosa,Piperacillin,50.0,10.0
Cyprus,2013,Pseudomonas aeruginosa,Piperacillin,47.0,8.5
Cyprus,2014,Pseudomonas aeruginosa,Piperacillin,42.0,16.7
Czech Republic,2010,Pseudomonas aeruginosa,Piperacillin,510.0,27.6
Czech Republic,2011,Pseudomonas aeruginosa,Piperacillin,448.0,22.1
Czech Republic,2012,Pseudomonas aeruginosa,Piperacillin,489.0,26.4
Czech Republic,2013,Pseudomonas aeruginosa,Piperacillin,516.0,27.5
Czech Republic,2014,Pseudomonas aeruginosa,Piperacillin,429.0,23.1
Denmark,2010,Pseudomonas aeruginosa,Piperacillin,361.0,3.9
Denmark,2011,Pseudomonas aeruginosa,Piperacillin,405.0,5.4
Denmark,2012,Pseudomonas aeruginosa,Piperacillin,389.0,4.6
Denmark,2013,Pseudomonas aeruginosa,Piperacillin,414.0,2.4
Denmark,2014,Pseudomonas aeruginosa,Piperacillin,388.0,4.4
Estonia,2010,Pseudomonas aeruginosa,Piperacillin,8.0,
Estonia,2011,Pseudomonas aeruginosa,Piperacillin,3.0,
Estonia,2012,Pseudomonas aeruginosa,Piperacillin,31.0,16.1
Estonia,2013,Pseudomonas aeruginosa,Piperacillin,17.0,11.8
Estonia,2014,Pseudomonas aeruginosa,Piperacillin,39.0,10.3
Finland,2010,Pseudomonas aeruginosa,Piperacillin,270.0,7.0
Finland,2011,Pseudomonas aeruginosa,Piperacillin,211.0,15.6
Finland,2012,Pseudomonas aeruginosa,Piperacillin,314.0,7.6
Finland,2013,Pseudomonas aeruginosa,Piperacillin,326.0,8.6
Finland,2014,Pseudomonas aeruginosa,Piperacillin,306.0,6.9
France,2010,Pseudomonas aeruginosa,Piperacillin,1125.0,20.3
France,2011,Pseudomonas aeruginosa,Piperacillin,1572.0,22.5
France,2012,Pseudomonas aeruginosa,Piperacillin,1627.0,19.9
France,2013,Pseudomonas aeruginosa,Piperacillin,1815.0,15.4
France,2014,Pseudomonas aeruginosa,Piperacillin,1783.0,17.0
Germany,2010,Pseudomonas aeruginosa,Piperacillin,315.0,15.6
Germany,2011,Pseudomonas aeruginosa,Piperacillin,386.0,14.8
Germany,2012,Pseudomonas aeruginosa,Piperacillin,432.0,15.5
Germany,2013,Pseudomonas aeruginosa,Piperacillin,608.0,18.4
Germany,2014,Pseudomonas aeruginosa,Piperacillin,642.0,17.4
Greece,2010,Pseudomonas aeruginosa,Piperacillin,998.0,38.9
Greece,2011,Pseudomonas aeruginosa,Piperacillin,923.0,31.1
Greece,2012,Pseudomonas aeruginosa,Piperacillin,849.0,34.3
Greece,2013,Pseudomonas aeruginosa,Piperacillin,863.0,29.9
Greece,2014,Pseudomonas aeruginosa,Piperacillin,666.0,31.4
Hungary,2010,Pseudomonas aeruginosa,Piperacillin,596.0,13.8
Hungary,2011,Pseudomonas aeruginosa,Piperacillin,599.0,10.7
Hungary,2012,Pseudomonas aeruginosa,Piperacillin,610.0,19.2
Hungary,2013,Pseudomonas aeruginosa,Piperacillin,657.0,19.8
Hungary,2014,Pseudomonas aeruginosa,Piperacillin,736.0,23.5
Iceland,2010,Pseudomonas aeruginosa,Piperacillin,12.0,8.3
Iceland,2011,Pseudomonas aeruginosa,Piperacillin,17.0,5.9
Iceland,2012,Pseudomonas aeruginosa,Piperacillin,10.0,10.0
Iceland,2013,Pseudomonas aeruginosa,Piperacillin,11.0,0.0
Iceland,2014,Pseudomonas aeruginosa,Piperacillin,11.0,9.1
Ireland,2010,Pseudomonas aeruginosa,Piperacillin,218.0,8.3
Ireland,2011,Pseudomonas aeruginosa,Piperacillin,172.0,2.9
Ireland,2012,Pseudomonas aeruginosa,Piperacillin,216.0,16.2
Ireland,2013,Pseudomonas aeruginosa,Piperacillin,202.0,11.4
Ireland,2014,Pseudomonas aeruginosa,Piperacillin,178.0,11.2
Italy,2010,Pseudomonas aeruginosa,Piperacillin,429.0,21.2
Italy,2011,Pseudomonas aeruginosa,Piperacillin,233.0,21.9
Italy,2012,Pseudomonas aeruginosa,Piperacillin,541.0,30.1
Italy,2013,Pseudomonas aeruginosa,Piperacillin,754.0,30.9
Italy,2014,Pseudomonas aeruginosa,Piperacillin,686.0,31.5
Latvia,2010,Pseudomonas aeruginosa,Piperacillin,21.0,19.0
Latvia,2011,Pseudomonas aeruginosa,Piperacillin,11.0,9.1
Latvia,2012,Pseudomonas aeruginosa,Piperacillin,17.0,17.6
Latvia,2013,Pseudomonas aeruginosa,Piperacillin,24.0,20.8
Latvia,2014,Pseudomonas aeruginosa,Piperacillin,3.0,
Lithuania,2010,Pseudomonas aeruginosa,Piperacillin,31.0,6.5
Lithuania,2011,Pseudomonas aeruginosa,Piperacillin,30.0,13.3
Lithuania,2012,Pseudomonas aeruginosa,Piperacillin,28.0,10.7
Lithuania,2013,Pseudomonas aeruginosa,Piperacillin,35.0,8.6
Lithuania,2014,Pseudomonas aeruginosa,Piperacillin,31.0,32.3
Luxembourg,2010,Pseudomonas aeruginosa,Piperacillin,32.0,6.3
Luxembourg,2011,Pseudomonas aeruginosa,Piperacillin,32.0,15.6
Luxembourg,2012,Pseudomonas aeruginosa,Piperacillin,31.0,16.1
Luxembourg,2013,Pseudomonas aeruginosa,Piperacillin,34.0,11.8
Luxembourg,2014,Pseudomonas aeruginosa,Piperacillin,37.0,10.8
Malta,2010,Pseudomonas aeruginosa,Piperacillin,42.0,35.7
Malta,2011,Pseudomonas aeruginosa,Piperacillin,42.0,23.8
Malta,2012,Pseudomonas aeruginosa,Piperacillin,31.0,9.7
Malta,2013,Pseudomonas aeruginosa,Piperacillin,24.0,20.8
Malta,2014,Pseudomonas aeruginosa,Piperacillin,38.0,10.5
Netherlands,2010,Pseudomonas aeruginosa,Piperacillin,374.0,4.3
Netherlands,2011,Pseudomonas aeruginosa,Piperacillin,391.0,6.4
Netherlands,2012,Pseudomonas aeruginosa,Piperacillin,386.0,5.2
Netherlands,2013,Pseudomonas aeruginosa,Piperacillin,381.0,6.6
Netherlands,2014,Pseudomonas aeruginosa,Piperacillin,530.0,8.1
Norway,2010,Pseudomonas aeruginosa,Piperacillin,163.0,3.1
Norway,2011,Pseudomonas aeruginosa,Piperacillin,142.0,4.9
Norway,2012,Pseudomonas aeruginosa,Piperacillin,198.0,7.1
Norway,2013,Pseudomonas aeruginosa,Piperacillin,198.0,9.1
Norway,2014,Pseudomonas aeruginosa,Piperacillin,254.0,7.9
Poland,2010,Pseudomonas aeruginosa,Piperacillin,163.0,29.4
Poland,2011,Pseudomonas aeruginosa,Piperacillin,191.0,31.4
Poland,2012,Pseudomonas aeruginosa,Piperacillin,157.0,29.9
Poland,2013,Pseudomonas aeruginosa,Piperacillin,171.0,31.6
Poland,2014,Pseudomonas aeruginosa,Piperacillin,,
Portugal,2010,Pseudomonas aeruginosa,Piperacillin,546.0,17.6
Portugal,2011,Pseudomonas aeruginosa,Piperacillin,522.0,19.0
Portugal,2012,Pseudomonas aeruginosa,Piperacillin,586.0,19.8
Portugal,2013,Pseudomonas aeruginosa,Piperacillin,87.0,24.1
Portugal,2014,Pseudomonas aeruginosa,Piperacillin,1061.0,28.5
Romania,2010,Pseudomonas aeruginosa,Piperacillin,8.0,
Romania,2011,Pseudomonas aeruginosa,Piperacillin,7.0,
Romania,2012,Pseudomonas aeruginosa,Piperacillin,44.0,50.0
Romania,2013,Pseudomonas aeruginosa,Piperacillin,80.0,55.0
Romania,2014,Pseudomonas aeruginosa,Piperacillin,90.0,62.2
Slovakia,2010,Pseudomonas aeruginosa,Piperacillin,,
Slovakia,2011,Pseudomonas aeruginosa,Piperacillin,266.0,41.4
Slovakia,2012,Pseudomonas aeruginosa,Piperacillin,195.0,38.5
Slovakia,2013,Pseudomonas aeruginosa,Piperacillin,265.0,41.5
Slovakia,2014,Pseudomonas aeruginosa,Piperacillin,269.0,36.1
Slovenia,2010,Pseudomonas aeruginosa,Piperacillin,95.0,14.7
Slovenia,2011,Pseudomonas aeruginosa,Piperacillin,118.0,12.7
Slovenia,2012,Pseudomonas aeruginosa,Piperacillin,134.0,7.5
Slovenia,2013,Pseudomonas aeruginosa,Piperacillin,133.0,13.5
Slovenia,2014,Pseudomonas aeruginosa,Piperacillin,112.0,25.9
Spain,2010,Pseudomonas aeruginosa,Piperacillin,749.0,6.4
Spain,2011,Pseudomonas aeruginosa,Piperacillin,833.0,6.4
Spain,2012,Pseudomonas aeruginosa,Piperacillin,835.0,6.7
Spain,2013,Pseudomonas aeruginosa,Piperacillin,818.0,8.6
Spain,2014,Pseudomonas aeruginosa,Piperacillin,870.0,7.8
Sweden,2010,Pseudomonas aeruginosa,Piperacillin,272.0,1.1
Sweden,2011,Pseudomonas aeruginosa,Piperacillin,386.0,4.4
Sweden,2012,Pseudomonas aeruginosa,Piperacillin,271.0,5.9
Sweden,2013,Pseudomonas aeruginosa,Piperacillin,531.0,7.3
Sweden,2014,Pseudomonas aeruginosa,Piperacillin,337.0,4.7
United Kingdom,2010,Pseudomonas aeruginosa,Piperacillin,491.0,3.9
United Kingdom,2011,Pseudomonas aeruginosa,Piperacillin,557.0,4.3
United Kingdom,2012,Pseudomonas aeruginosa,Piperacillin,636.0,3.1
United Kingdom,2013,Pseudomonas aeruginosa,Piperacillin,671.0,4.8
United Kingdom,2014,Pseudomonas aeruginosa,Piperacillin,610.0,4.8
Austria,2010,Staphylococcus aureus,Methicillin (MRSA),1813.0,7.4
Austria,2011,Staphylococcus aureus,Methicillin (MRSA),1966.0,7.4
Austria,2012,Staphylococcus aureus,Methicillin (MRSA),2164.0,7.7
Austria,2013,Staphylococcus aureus,Methicillin (MRSA),2534.0,9.2
Austria,2014,Staphylococcus aureus,Methicillin (MRSA),2651.0,7.8
Belgium,2010,Staphylococcus aureus,Methicillin (MRSA),1057.0,20.5
Belgium,2011,Staphylococcus aureus,Methicillin (MRSA),1744.0,17.4
Belgium,2012,Staphylococcus aureus,Methicillin (MRSA),1568.0,16.6
Belgium,2013,Staphylococcus aureus,Methicillin (MRSA),1612.0,16.9
Belgium,2014,Staphylococcus aureus,Methicillin (MRSA),988.0,13.4
Bulgaria,2010,Staphylococcus aureus,Methicillin (MRSA),200.0,19.0
Bulgaria,2011,Staphylococcus aureus,Methicillin (MRSA),214.0,22.4
Bulgaria,2012,Staphylococcus aureus,Methicillin (MRSA),227.0,19.8
Bulgaria,2013,Staphylococcus aureus,Methicillin (MRSA),214.0,19.2
Bulgaria,2014,Staphylococcus aureus,Methicillin (MRSA),216.0,20.8
Croatia,2010,Staphylococcus aureus,Methicillin (MRSA),357.0,26.1
Croatia,2011,Staphylococcus aureus,Methicillin (MRSA),415.0,27.7
Croatia,2012,Staphylococcus aureus,Methicillin (MRSA),403.0,21.3
Croatia,2013,Staphylococcus aureus,Methicillin (MRSA),520.0,24.0
Croatia,2014,Staphylococcus aureus,Methicillin (MRSA),484.0,21.3
Cyprus,2010,Staphylococcus aureus,Methicillin (MRSA),99.0,32.3
Cyprus,2011,Staphylococcus aureus,Methicillin (MRSA),113.0,41.6
Cyprus,2012,Staphylococcus aureus,Methicillin (MRSA),165.0,35.2
Cyprus,2013,Staphylococcus aureus,Methicillin (MRSA),157.0,32.5
Cyprus,2014,Staphylococcus aureus,Methicillin (MRSA),136.0,36.0
Czech Republic,2010,Staphylococcus aureus,Methicillin (MRSA),1593.0,13.5
Czech Republic,2011,Staphylococcus aureus,Methicillin (MRSA),1555.0,14.5
Czech Republic,2012,Staphylococcus aureus,Methicillin (MRSA),1611.0,13.0
Czech Republic,2013,Staphylococcus aureus,Methicillin (MRSA),1707.0,13.2
Czech Republic,2014,Staphylococcus aureus,Methicillin (MRSA),1695.0,13.0
Denmark,2010,Staphylococcus aureus,Methicillin (MRSA),1362.0,1.3
Denmark,2011,Staphylococcus aureus,Methicillin (MRSA),1452.0,1.2
Denmark,2012,Staphylococcus aureus,Methicillin (MRSA),1431.0,1.3
Denmark,2013,Staphylococcus aureus,Methicillin (MRSA),1685.0,1.7
Denmark,2014,Staphylococcus aureus,Methicillin (MRSA),1874.0,2.5
Estonia,2010,Staphylococcus aureus,Methicillin (MRSA),145.0,0.7
Estonia,2011,Staphylococcus aureus,Methicillin (MRSA),116.0,1.7
Estonia,2012,Staphylococcus aureus,Methicillin (MRSA),104.0,7.7
Estonia,2013,Staphylococcus aureus,Methicillin (MRSA),170.0,3.5
Estonia,2014,Staphylococcus aureus,Methicillin (MRSA),223.0,3.1
Finland,2010,Staphylococcus aureus,Methicillin (MRSA),1094.0,2.3
Finland,2011,Staphylococcus aureus,Methicillin (MRSA),1319.0,3.2
Finland,2012,Staphylococcus aureus,Methicillin (MRSA),1409.0,2.1
Finland,2013,Staphylococcus aureus,Methicillin (MRSA),1555.0,1.7
Finland,2014,Staphylococcus aureus,Methicillin (MRSA),1831.0,2.6
France,2010,Staphylococcus aureus,Methicillin (MRSA),4859.0,21.6
France,2011,Staphylococcus aureus,Methicillin (MRSA),4716.0,20.1
France,2012,Staphylococcus aureus,Methicillin (MRSA),5228.0,19.2
France,2013,Staphylococcus aureus,Methicillin (MRSA),5431.0,17.0
France,2014,Staphylococcus aureus,Methicillin (MRSA),5484.0,17.4
Germany,2010,Staphylococcus aureus,Methicillin (MRSA),1980.0,20.9
Germany,2011,Staphylococcus aureus,Methicillin (MRSA),2388.0,16.1
Germany,2012,Staphylococcus aureus,Methicillin (MRSA),2563.0,15.4
Germany,2013,Staphylococcus aureus,Methicillin (MRSA),3070.0,12.8
Germany,2014,Staphylococcus aureus,Methicillin (MRSA),3146.0,11.8
Greece,2010,Staphylococcus aureus,Methicillin (MRSA),867.0,39.2
Greece,2011,Staphylococcus aureus,Methicillin (MRSA),784.0,39.2
Greece,2012,Staphylococcus aureus,Methicillin (MRSA),876.0,41.0
Greece,2013,Staphylococcus aureus,Methicillin (MRSA),757.0,40.3
Greece,2014,Staphylococcus aureus,Methicillin (MRSA),556.0,37.1
Hungary,2010,Staphylococcus aureus,Methicillin (MRSA),1224.0,30.2
Hungary,2011,Staphylococcus aureus,Methicillin (MRSA),1156.0,26.2
Hungary,2012,Staphylococcus aureus,Methicillin (MRSA),1143.0,24.8
Hungary,2013,Staphylococcus aureus,Methicillin (MRSA),1200.0,24.0
Hungary,2014,Staphylococcus aureus,Methicillin (MRSA),1279.0,23.1
Iceland,2010,Staphylococcus aureus,Methicillin (MRSA),65.0,1.5
Iceland,2011,Staphylococcus aureus,Methicillin (MRSA),71.0,2.8
Iceland,2012,Staphylococcus aureus,Methicillin (MRSA),58.0,1.7
Iceland,2013,Staphylococcus aureus,Methicillin (MRSA),69.0,0.0
Iceland,2014,Staphylococcus aureus,Methicillin (MRSA),61.0,3.3
Ireland,2010,Staphylococcus aureus,Methicillin (MRSA),1207.0,23.9
Ireland,2011,Staphylococcus aureus,Methicillin (MRSA),1057.0,23.7
Ireland,2012,Staphylococcus aureus,Methicillin (MRSA),1038.0,22.6
Ireland,2013,Staphylococcus aureus,Methicillin (MRSA),1069.0,19.9
Ireland,2014,Staphylococcus aureus,Methicillin (MRSA),1075.0,19.4
Italy,2010,Staphylococcus aureus,Methicillin (MRSA),1766.0,36.5
Italy,2011,Staphylococcus aureus,Methicillin (MRSA),1261.0,38.2
Italy,2012,Staphylococcus aureus,Methicillin (MRSA),1636.0,35.2
Italy,2013,Staphylococcus aureus,Methicillin (MRSA),2394.0,35.8
Italy,2014,Staphylococcus aureus,Methicillin (MRSA),2133.0,33.6
Latvia,2010,Staphylococcus aureus,Methicillin (MRSA),153.0,13.7
Latvia,2011,Staphylococcus aureus,Methicillin (MRSA),192.0,9.9
Latvia,2012,Staphylococcus aureus,Methicillin (MRSA),211.0,9.0
Latvia,2013,Staphylococcus aureus,Methicillin (MRSA),172.0,7.0
Latvia,2014,Staphylococcus aureus,Methicillin (MRSA),220.0,8.2
Lithuania,2010,Staphylococcus aureus,Methicillin (MRSA),255.0,14.1
Lithuania,2011,Staphylococcus aureus,Methicillin (MRSA),278.0,5.4
Lithuania,2012,Staphylococcus aureus,Methicillin (MRSA),323.0,10.2
Lithuania,2013,Staphylococcus aureus,Methicillin (MRSA),267.0,9.7
Lithuania,2014,Staphylococcus aureus,Methicillin (MRSA),383.0,7.8
Luxembourg,2010,Staphylococcus aureus,Methicillin (MRSA),133.0,16.5
Luxembourg,2011,Staphylococcus aureus,Methicillin (MRSA),127.0,20.5
Luxembourg,2012,Staphylococcus aureus,Methicillin (MRSA),131.0,15.3
Luxembourg,2013,Staphylococcus aureus,Methicillin (MRSA),135.0,8.9
Luxembourg,2014,Staphylococcus aureus,Methicillin (MRSA),125.0,12.0
Malta,2010,Staphylococcus aureus,Methicillin (MRSA),108.0,48.1
Malta,2011,Staphylococcus aureus,Methicillin (MRSA),130.0,49.2
Malta,2012,Staphylococcus aureus,Methicillin (MRSA),102.0,47.1
Malta,2013,Staphylococcus aureus,Methicillin (MRSA),114.0,51.8
Malta,2014,Staphylococcus aureus,Methicillin (MRSA),82.0,42.7
Netherlands,2010,Staphylococcus aureus,Methicillin (MRSA),1564.0,1.2
Netherlands,2011,Staphylococcus aureus,Methicillin (MRSA),1801.0,1.4
Netherlands,2012,Staphylococcus aureus,Methicillin (MRSA),1944.0,1.3
Netherlands,2013,Staphylococcus aureus,Methicillin (MRSA),2062.0,1.2
Netherlands,2014,Staphylococcus aureus,Methicillin (MRSA),2524.0,
Norway,2010,Staphylococcus aureus,Methicillin (MRSA),1047.0,0.6
Norway,2011,Staphylococcus aureus,Methicillin (MRSA),1223.0,0.3
Norway,2012,Staphylococcus aureus,Methicillin (MRSA),1430.0,1.3
Norway,2013,Staphylococcus aureus,Methicillin (MRSA),1473.0,0.7
Norway,2014,Staphylococcus aureus,Methicillin (MRSA),1544.0,1.0
Poland,2010,Staphylococcus aureus,Methicillin (MRSA),526.0,13.1
Poland,2011,Staphylococcus aureus,Methicillin (MRSA),860.0,24.3
Poland,2012,Staphylococcus aureus,Methicillin (MRSA),781.0,25.5
Poland,2013,Staphylococcus aureus,Methicillin (MRSA),743.0,16.0
Poland,2014,Staphylococcus aureus,Methicillin (MRSA),,
Portugal,2010,Staphylococcus aureus,Methicillin (MRSA),1633.0,53.4
Portugal,2011,Staphylococcus aureus,Methicillin (MRSA),1307.0,54.6
Portugal,2012,Staphylococcus aureus,Methicillin (MRSA),1455.0,53.8
Portugal,2013,Staphylococcus aureus,Methicillin (MRSA),2390.0,46.8
Portugal,2014,Staphylococcus aureus,Methicillin (MRSA),3193.0,47.4
Romania,2010,Staphylococcus aureus,Methicillin (MRSA),46.0,39.1
Romania,2011,Staphylococcus aureus,Methicillin (MRSA),109.0,49.5
Romania,2012,Staphylococcus aureus,Methicillin (MRSA),229.0,53.3
Romania,2013,Staphylococcus aureus,Methicillin (MRSA),383.0,64.5
Romania,2014,Staphylococcus aureus,Methicillin (MRSA),316.0,56.0
Slovakia,2010,Staphylococcus aureus,Methicillin (MRSA),,
Slovakia,2011,Staphylococcus aureus,Methicillin (MRSA),566.0,26.1
Slovakia,2012,Staphylococcus aureus,Methicillin (MRSA),474.0,21.7
Slovakia,2013,Staphylococcus aureus,Methicillin (MRSA),552.0,27.0
Slovakia,2014,Staphylococcus aureus,Methicillin (MRSA),640.0,28.0
Slovenia,2010,Staphylococcus aureus,Methicillin (MRSA),476.0,12.0
Slovenia,2011,Staphylococcus aureus,Methicillin (MRSA),464.0,7.1
Slovenia,2012,Staphylococcus aureus,Methicillin (MRSA),445.0,10.3
Slovenia,2013,Staphylococcus aureus,Methicillin (MRSA),465.0,9.0
Slovenia,2014,Staphylococcus aureus,Methicillin (MRSA),495.0,13.1
Spain,2010,Staphylococcus aureus,Methicillin (MRSA),1986.0,25.3
Spain,2011,Staphylococcus aureus,Methicillin (MRSA),1950.0,22.5
Spain,2012,Staphylococcus aureus,Methicillin (MRSA),1899.0,24.2
Spain,2013,Staphylococcus aureus,Methicillin (MRSA),1777.0,22.6
Spain,2014,Staphylococcus aureus,Methicillin (MRSA),1920.0,22.1
Sweden,2010,Staphylococcus aureus,Methicillin (MRSA),2858.0,0.5
Sweden,2011,Staphylococcus aureus,Methicillin (MRSA),3751.0,1.0
Sweden,2012,Staphylococcus aureus,Methicillin (MRSA),3262.0,0.7
Sweden,2013,Staphylococcus aureus,Methicillin (MRSA),4099.0,1.0
Sweden,2014,Staphylococcus aureus,Methicillin (MRSA),2745.0,1.0
United Kingdom,2010,Staphylococcus aureus,Methicillin (MRSA),2684.0,21.6
United Kingdom,2011,Staphylococcus aureus,Methicillin (MRSA),3408.0,13.6
United Kingdom,2012,Staphylococcus aureus,Methicillin (MRSA),2679.0,14.0
United Kingdom,2013,Staphylococcus aureus,Methicillin (MRSA),2117.0,13.7
United Kingdom,2014,Staphylococcus aureus,Methicillin (MRSA),2395.0,11.3
Austria,2010,Streptococcus pneumoniae,Macrolides,323.0,10.5
Austria,2011,Streptococcus pneumoniae,Macrolides,373.0,11.5
Austria,2012,Streptococcus pneumoniae,Macrolides,319.0,17.9
Austria,2013,Streptococcus pneumoniae,Macrolides,421.0,10.2
Austria,2014,Streptococcus pneumoniae,Macrolides,400.0,10.5
Belgium,2010,Streptococcus pneumoniae,Macrolides,1797.0,24.8
Belgium,2011,Streptococcus pneumoniae,Macrolides,1829.0,26.0
Belgium,2012,Streptococcus pneumoniae,Macrolides,1662.0,25.4
Belgium,2013,Streptococcus pneumoniae,Macrolides,1574.0,22.9
Belgium,2014,Streptococcus pneumoniae,Macrolides,1108.0,17.9
Bulgaria,2010,Streptococcus pneumoniae,Macrolides,20.0,25.0
Bulgaria,2011,Streptococcus pneumoniae,Macrolides,30.0,13.3
Bulgaria,2012,Streptococcus pneumoniae,Macrolides,20.0,20.0
Bulgaria,2013,Streptococcus pneumoniae,Macrolides,27.0,18.5
Bulgaria,2014,Streptococcus pneumoniae,Macrolides,30.0,26.7
Croatia,2010,Streptococcus pneumoniae,Macrolides,101.0,28.7
Croatia,2011,Streptococcus pneumoniae,Macrolides,123.0,23.6
Croatia,2012,Streptococcus pneumoniae,Macrolides,77.0,10.4
Croatia,2013,Streptococcus pneumoniae,Macrolides,116.0,32.8
Croatia,2014,Streptococcus pneumoniae,Macrolides,127.0,27.6
Cyprus,2010,Streptococcus pneumoniae,Macrolides,11.0,54.5
Cyprus,2011,Streptococcus pneumoniae,Macrolides,12.0,25.0
Cyprus,2012,Streptococcus pneumoniae,Macrolides,7.0,
Cyprus,2013,Streptococcus pneumoniae,Macrolides,15.0,26.7
Cyprus,2014,Streptococcus pneumoniae,Macrolides,12.0,0.0
Czech Republic,2010,Streptococcus pneumoniae,Macrolides,288.0,6.3
Czech Republic,2011,Streptococcus pneumoniae,Macrolides,316.0,3.5
Czech Republic,2012,Streptococcus pneumoniae,Macrolides,274.0,7.7
Czech Republic,2013,Streptococcus pneumoniae,Macrolides,333.0,8.7
Czech Republic,2014,Streptococcus pneumoniae,Macrolides,274.0,7.7
Denmark,2010,Streptococcus pneumoniae,Macrolides,954.0,4.2
Denmark,2011,Streptococcus pneumoniae,Macrolides,896.0,5.1
Denmark,2012,Streptococcus pneumoniae,Macrolides,867.0,6.0
Denmark,2013,Streptococcus pneumoniae,Macrolides,789.0,4.8
Denmark,2014,Streptococcus pneumoniae,Macrolides,709.0,6.6
Estonia,2010,Streptococcus pneumoniae,Macrolides,45.0,4.4
Estonia,2011,Streptococcus pneumoniae,Macrolides,45.0,2.2
Estonia,2012,Streptococcus pneumoniae,Macrolides,52.0,5.8
Estonia,2013,Streptococcus pneumoniae,Macrolides,59.0,3.4
Estonia,2014,Streptococcus pneumoniae,Macrolides,54.0,5.6
Finland,2010,Streptococcus pneumoniae,Macrolides,607.0,27.5
Finland,2011,Streptococcus pneumoniae,Macrolides,638.0,24.5
Finland,2012,Streptococcus pneumoniae,Macrolides,586.0,22.0
Finland,2013,Streptococcus pneumoniae,Macrolides,650.0,18.6
Finland,2014,Streptococcus pneumoniae,Macrolides,636.0,14.5
France,2010,Streptococcus pneumoniae,Macrolides,1127.0,30.0
France,2011,Streptococcus pneumoniae,Macrolides,1413.0,26.0
France,2012,Streptococcus pneumoniae,Macrolides,824.0,28.9
France,2013,Streptococcus pneumoniae,Macrolides,919.0,29.8
France,2014,Streptococcus pneumoniae,Macrolides,656.0,23.0
Germany,2010,Streptococcus pneumoniae,Macrolides,358.0,9.2
Germany,2011,Streptococcus pneumoniae,Macrolides,353.0,7.9
Germany,2012,Streptococcus pneumoniae,Macrolides,324.0,7.4
Germany,2013,Streptococcus pneumoniae,Macrolides,477.0,10.7
Germany,2014,Streptococcus pneumoniae,Macrolides,499.0,7.1
Hungary,2010,Streptococcus pneumoniae,Macrolides,133.0,24.1
Hungary,2011,Streptococcus pneumoniae,Macrolides,129.0,14.7
Hungary,2012,Streptococcus pneumoniae,Macrolides,147.0,19.7
Hungary,2013,Streptococcus pneumoniae,Macrolides,139.0,14.4
Hungary,2014,Streptococcus pneumoniae,Macrolides,128.0,14.6
Iceland,2010,Streptococcus pneumoniae,Macrolides,37.0,10.8
Iceland,2011,Streptococcus pneumoniae,Macrolides,32.0,21.9
Iceland,2012,Streptococcus pneumoniae,Macrolides,27.0,7.4
Iceland,2013,Streptococcus pneumoniae,Macrolides,18.0,16.7
Iceland,2014,Streptococcus pneumoniae,Macrolides,24.0,8.7
Ireland,2010,Streptococcus pneumoniae,Macrolides,290.0,15.5
Ireland,2011,Streptococcus pneumoniae,Macrolides,310.0,18.4
Ireland,2012,Streptococcus pneumoniae,Macrolides,307.0,16.9
Ireland,2013,Streptococcus pneumoniae,Macrolides,305.0,18.0
Ireland,2014,Streptococcus pneumoniae,Macrolides,328.0,13.9
Italy,2010,Streptococcus pneumoniae,Macrolides,297.0,28.9
Italy,2011,Streptococcus pneumoniae,Macrolides,266.0,27.4
Italy,2012,Streptococcus pneumoniae,Macrolides,243.0,34.2
Italy,2013,Streptococcus pneumoniae,Macrolides,394.0,24.6
Italy,2014,Streptococcus pneumoniae,Macrolides,182.0,28.6
Latvia,2010,Streptococcus pneumoniae,Macrolides,38.0,5.3
Latvia,2011,Streptococcus pneumoniae,Macrolides,46.0,0.0
Latvia,2012,Streptococcus pneumoniae,Macrolides,64.0,4.7
Latvia,2013,Streptococcus pneumoniae,Macrolides,66.0,1.5
Latvia,2014,Streptococcus pneumoniae,Macrolides,48.0,4.1
Lithuania,2010,Streptococcus pneumoniae,Macrolides,35.0,0.0
Lithuania,2011,Streptococcus pneumoniae,Macrolides,41.0,26.8
Lithuania,2012,Streptococcus pneumoniae,Macrolides,35.0,25.7
Lithuania,2013,Streptococcus pneumoniae,Macrolides,56.0,25.0
Lithuania,2014,Streptococcus pneumoniae,Macrolides,67.0,22.6
Luxembourg,2010,Streptococcus pneumoniae,Macrolides,50.0,18.0
Luxembourg,2011,Streptococcus pneumoniae,Macrolides,52.0,15.4
Luxembourg,2012,Streptococcus pneumoniae,Macrolides,38.0,15.8
Luxembourg,2013,Streptococcus pneumoniae,Macrolides,48.0,25.0
Luxembourg,2014,Streptococcus pneumoniae,Macrolides,32.0,14.3
Malta,2010,Streptococcus pneumoniae,Macrolides,11.0,18.2
Malta,2011,Streptococcus pneumoniae,Macrolides,8.0,
Malta,2012,Streptococcus pneumoniae,Macrolides,18.0,50.0
Malta,2013,Streptococcus pneumoniae,Macrolides,9.0,
Malta,2014,Streptococcus pneumoniae,Macrolides,8.0,37.5
Netherlands,2010,Streptococcus pneumoniae,Macrolides,898.0,6.0
Netherlands,2011,Streptococcus pneumoniae,Macrolides,1200.0,4.5
Netherlands,2012,Streptococcus pneumoniae,Macrolides,1153.0,4.4
Netherlands,2013,Streptococcus pneumoniae,Macrolides,1155.0,4.8
Netherlands,2014,Streptococcus pneumoniae,Macrolides,1287.0,4.3
Norway,2010,Streptococcus pneumoniae,Macrolides,547.0,3.8
Norway,2011,Streptococcus pneumoniae,Macrolides,570.0,4.2
Norway,2012,Streptococcus pneumoniae,Macrolides,533.0,5.3
Norway,2013,Streptococcus pneumoniae,Macrolides,499.0,4.4
Norway,2014,Streptococcus pneumoniae,Macrolides,492.0,7.5
Poland,2010,Streptococcus pneumoniae,Macrolides,71.0,39.4
Poland,2011,Streptococcus pneumoniae,Macrolides,135.0,26.7
Poland,2012,Streptococcus pneumoniae,Macrolides,110.0,27.3
Poland,2013,Streptococcus pneumoniae,Macrolides,142.0,31.7
Poland,2014,Streptococcus pneumoniae,Macrolides,,
Portugal,2010,Streptococcus pneumoniae,Macrolides,156.0,21.8
Portugal,2011,Streptococcus pneumoniae,Macrolides,417.0,14.9
Portugal,2012,Streptococcus pneumoniae,Macrolides,308.0,18.5
Portugal,2013,Streptococcus pneumoniae,Macrolides,496.0,20.6
Portugal,2014,Streptococcus pneumoniae,Macrolides,658.0,16.0
Romania,2010,Streptococcus pneumoniae,Macrolides,11.0,36.4
Romania,2011,Streptococcus pneumoniae,Macrolides,18.0,44.4
Romania,2012,Streptococcus pneumoniae,Macrolides,43.0,39.5
Romania,2013,Streptococcus pneumoniae,Macrolides,42.0,38.1
Romania,2014,Streptococcus pneumoniae,Macrolides,50.0,48.0
Slovakia,2010,Streptococcus pneumoniae,Macrolides,,
Slovakia,2011,Streptococcus pneumoniae,Macrolides,25.0,12.0
Slovakia,2012,Streptococcus pneumoniae,Macrolides,22.0,27.3
Slovakia,2013,Streptococcus pneumoniae,Macrolides,29.0,17.2
Slovakia,2014,Streptococcus pneumoniae,Macrolides,29.0,41.4
Slovenia,2010,Streptococcus pneumoniae,Macrolides,232.0,17.2
Slovenia,2011,Streptococcus pneumoniae,Macrolides,251.0,24.3
Slovenia,2012,Streptococcus pneumoniae,Macrolides,250.0,21.2
Slovenia,2013,Streptococcus pneumoniae,Macrolides,279.0,10.4
Slovenia,2014,Streptococcus pneumoniae,Macrolides,300.0,19.3
Spain,2010,Streptococcus pneumoniae,Macrolides,862.0,26.7
Spain,2011,Streptococcus pneumoniae,Macrolides,746.0,24.8
Spain,2012,Streptococcus pneumoniae,Macrolides,579.0,26.4
Spain,2013,Streptococcus pneumoniae,Macrolides,560.0,25.7
Spain,2014,Streptococcus pneumoniae,Macrolides,544.0,20.0
Sweden,2010,Streptococcus pneumoniae,Macrolides,955.0,4.0
Sweden,2011,Streptococcus pneumoniae,Macrolides,1143.0,5.3
Sweden,2012,Streptococcus pneumoniae,Macrolides,947.0,4.9
Sweden,2013,Streptococcus pneumoniae,Macrolides,1164.0,6.5
Sweden,2014,Streptococcus pneumoniae,Macrolides,788.0,6.7
United Kingdom,2010,Streptococcus pneumoniae,Macrolides,1289.0,4.7
United Kingdom,2011,Streptococcus pneumoniae,Macrolides,1263.0,5.9
United Kingdom,2012,Streptococcus pneumoniae,Macrolides,1114.0,6.8
United Kingdom,2013,Streptococcus pneumoniae,Macrolides,935.0,7.5
United Kingdom,2014,Streptococcus pneumoniae,Macrolides,1260.0,7.1
Austria,2010,Streptococcus pneumoniae,Penicillin,351.0,4.0
Austria,2011,Streptococcus pneumoniae,Penicillin,405.0,3.0
Austria,2012,Streptococcus pneumoniae,Penicillin,291.0,5.2
Austria,2013,Streptococcus pneumoniae,Penicillin,385.0,2.1
Austria,2014,Streptococcus pneumoniae,Penicillin,361.0,5.3
Belgium,2010,Streptococcus pneumoniae,Penicillin,1797.0,0.4
Belgium,2011,Streptococcus pneumoniae,Penicillin,1829.0,0.8
Belgium,2012,Streptococcus pneumoniae,Penicillin,1658.0,1.5
Belgium,2013,Streptococcus pneumoniae,Penicillin,1536.0,1.7
Belgium,2014,Streptococcus pneumoniae,Penicillin,1110.0,1.3
Bulgaria,2010,Streptococcus pneumoniae,Penicillin,22.0,18.2
Bulgaria,2011,Streptococcus pneumoniae,Penicillin,33.0,21.2
Bulgaria,2012,Streptococcus pneumoniae,Penicillin,21.0,28.6
Bulgaria,2013,Streptococcus pneumoniae,Penicillin,28.0,21.4
Bulgaria,2014,Streptococcus pneumoniae,Penicillin,32.0,25.0
Croatia,2010,Streptococcus pneumoniae,Penicillin,102.0,22.5
Croatia,2011,Streptococcus pneumoniae,Penicillin,125.0,18.4
Croatia,2012,Streptococcus pneumoniae,Penicillin,97.0,22.7
Croatia,2013,Streptococcus pneumoniae,Penicillin,118.0,25.4
Croatia,2014,Streptococcus pneumoniae,Penicillin,129.0,26.4
Cyprus,2010,Streptococcus pneumoniae,Penicillin,12.0,41.7
Cyprus,2011,Streptococcus pneumoniae,Penicillin,12.0,25.0
Cyprus,2012,Streptococcus pneumoniae,Penicillin,8.0,
Cyprus,2013,Streptococcus pneumoniae,Penicillin,15.0,40.0
Cyprus,2014,Streptococcus pneumoniae,Penicillin,12.0,0.0
Czech Republic,2010,Streptococcus pneumoniae,Penicillin,288.0,4.9
Czech Republic,2011,Streptococcus pneumoniae,Penicillin,316.0,3.8
Czech Republic,2012,Streptococcus pneumoniae,Penicillin,274.0,2.9
Czech Republic,2013,Streptococcus pneumoniae,Penicillin,333.0,2.1
Czech Republic,2014,Streptococcus pneumoniae,Penicillin,274.0,5.8
Denmark,2010,Streptococcus pneumoniae,Penicillin,954.0,3.6
Denmark,2011,Streptococcus pneumoniae,Penicillin,896.0,4.8
Denmark,2012,Streptococcus pneumoniae,Penicillin,867.0,5.1
Denmark,2013,Streptococcus pneumoniae,Penicillin,789.0,6.6
Denmark,2014,Streptococcus pneumoniae,Penicillin,709.0,5.6
Estonia,2010,Streptococcus pneumoniae,Penicillin,64.0,1.6
Estonia,2011,Streptococcus pneumoniae,Penicillin,51.0,2.0
Estonia,2012,Streptococcus pneumoniae,Penicillin,53.0,0.0
Estonia,2013,Streptococcus pneumoniae,Penicillin,78.0,1.3
Estonia,2014,Streptococcus pneumoniae,Penicillin,72.0,4.2
Finland,2010,Streptococcus pneumoniae,Penicillin,611.0,14.2
Finland,2011,Streptococcus pneumoniae,Penicillin,634.0,12.9
Finland,2012,Streptococcus pneumoniae,Penicillin,553.0,17.0
Finland,2013,Streptococcus pneumoniae,Penicillin,597.0,14.1
Finland,2014,Streptococcus pneumoniae,Penicillin,593.0,12.5
France,2010,Streptococcus pneumoniae,Penicillin,1127.0,27.6
France,2011,Streptococcus pneumoniae,Penicillin,1413.0,23.8
France,2012,Streptococcus pneumoniae,Penicillin,824.0,23.4
France,2013,Streptococcus pneumoniae,Penicillin,919.0,22.4
France,2014,Streptococcus pneumoniae,Penicillin,656.0,22.3
Germany,2010,Streptococcus pneumoniae,Penicillin,354.0,3.7
Germany,2011,Streptococcus pneumoniae,Penicillin,347.0,1.7
Germany,2012,Streptococcus pneumoniae,Penicillin,310.0,5.2
Germany,2013,Streptococcus pneumoniae,Penicillin,471.0,7.0
Germany,2014,Streptococcus pneumoniae,Penicillin,499.0,4.4
Hungary,2010,Streptococcus pneumoniae,Penicillin,140.0,15.0
Hungary,2011,Streptococcus pneumoniae,Penicillin,139.0,11.5
Hungary,2012,Streptococcus pneumoniae,Penicillin,160.0,10.0
Hungary,2013,Streptococcus pneumoniae,Penicillin,154.0,5.8
Hungary,2014,Streptococcus pneumoniae,Penicillin,128.0,11.7
Iceland,2010,Streptococcus pneumoniae,Penicillin,37.0,5.4
Iceland,2011,Streptococcus pneumoniae,Penicillin,32.0,9.4
Iceland,2012,Streptococcus pneumoniae,Penicillin,27.0,3.7
Iceland,2013,Streptococcus pneumoniae,Penicillin,18.0,16.7
Iceland,2014,Streptococcus pneumoniae,Penicillin,24.0,4.2
Ireland,2010,Streptococcus pneumoniae,Penicillin,310.0,18.1
Ireland,2011,Streptococcus pneumoniae,Penicillin,324.0,19.4
Ireland,2012,Streptococcus pneumoniae,Penicillin,319.0,19.1
Ireland,2013,Streptococcus pneumoniae,Penicillin,310.0,20.3
Ireland,2014,Streptococcus pneumoniae,Penicillin,328.0,17.7
Italy,2010,Streptococcus pneumoniae,Penicillin,229.0,9.2
Italy,2011,Streptococcus pneumoniae,Penicillin,174.0,6.9
Italy,2012,Streptococcus pneumoniae,Penicillin,141.0,12.1
Italy,2013,Streptococcus pneumoniae,Penicillin,268.0,14.6
Italy,2014,Streptococcus pneumoniae,Penicillin,182.0,14.8
Latvia,2010,Streptococcus pneumoniae,Penicillin,37.0,5.4
Latvia,2011,Streptococcus pneumoniae,Penicillin,40.0,12.5
Latvia,2012,Streptococcus pneumoniae,Penicillin,64.0,6.3
Latvia,2013,Streptococcus pneumoniae,Penicillin,67.0,11.9
Latvia,2014,Streptococcus pneumoniae,Penicillin,48.0,4.2
Lithuania,2010,Streptococcus pneumoniae,Penicillin,39.0,12.8
Lithuania,2011,Streptococcus pneumoniae,Penicillin,48.0,18.8
Lithuania,2012,Streptococcus pneumoniae,Penicillin,37.0,16.2
Lithuania,2013,Streptococcus pneumoniae,Penicillin,59.0,23.7
Lithuania,2014,Streptococcus pneumoniae,Penicillin,67.0,16.4
Luxembourg,2010,Streptococcus pneumoniae,Penicillin,50.0,12.0
Luxembourg,2011,Streptococcus pneumoniae,Penicillin,50.0,8.0
Luxembourg,2012,Streptococcus pneumoniae,Penicillin,31.0,3.2
Luxembourg,2013,Streptococcus pneumoniae,Penicillin,43.0,16.3
Luxembourg,2014,Streptococcus pneumoniae,Penicillin,32.0,6.3
Malta,2010,Streptococcus pneumoniae,Penicillin,9.0,
Malta,2011,Streptococcus pneumoniae,Penicillin,10.0,50.0
Malta,2012,Streptococcus pneumoniae,Penicillin,18.0,38.9
Malta,2013,Streptococcus pneumoniae,Penicillin,7.0,
Malta,2014,Streptococcus pneumoniae,Penicillin,8.0,
Netherlands,2010,Streptococcus pneumoniae,Penicillin,753.0,2.0
Netherlands,2011,Streptococcus pneumoniae,Penicillin,1067.0,1.1
Netherlands,2012,Streptococcus pneumoniae,Penicillin,1063.0,1.5
Netherlands,2013,Streptococcus pneumoniae,Penicillin,1032.0,1.1
Netherlands,2014,Streptococcus pneumoniae,Penicillin,1139.0,2.1
Norway,2010,Streptococcus pneumoniae,Penicillin,575.0,3.7
Norway,2011,Streptococcus pneumoniae,Penicillin,619.0,3.4
Norway,2012,Streptococcus pneumoniae,Penicillin,576.0,5.9
Norway,2013,Streptococcus pneumoniae,Penicillin,549.0,3.3
Norway,2014,Streptococcus pneumoniae,Penicillin,534.0,5.1
Poland,2010,Streptococcus pneumoniae,Penicillin,75.0,24.0
Poland,2011,Streptococcus pneumoniae,Penicillin,165.0,18.2
Poland,2012,Streptococcus pneumoniae,Penicillin,121.0,23.2
Poland,2013,Streptococcus pneumoniae,Penicillin,167.0,32.3
Poland,2014,Streptococcus pneumoniae,Penicillin,,
Portugal,2010,Streptococcus pneumoniae,Penicillin,156.0,14.7
Portugal,2011,Streptococcus pneumoniae,Penicillin,439.0,10.5
Portugal,2012,Streptococcus pneumoniae,Penicillin,299.0,8.4
Portugal,2013,Streptococcus pneumoniae,Penicillin,475.0,7.6
Portugal,2014,Streptococcus pneumoniae,Penicillin,610.0,10.2
Romania,2010,Streptococcus pneumoniae,Penicillin,13.0,30.8
Romania,2011,Streptococcus pneumoniae,Penicillin,36.0,61.1
Romania,2012,Streptococcus pneumoniae,Penicillin,44.0,38.6
Romania,2013,Streptococcus pneumoniae,Penicillin,44.0,25.0
Romania,2014,Streptococcus pneumoniae,Penicillin,45.0,46.7
Slovakia,2010,Streptococcus pneumoniae,Penicillin,,
Slovakia,2011,Streptococcus pneumoniae,Penicillin,26.0,7.7
Slovakia,2012,Streptococcus pneumoniae,Penicillin,20.0,5.0
Slovakia,2013,Streptococcus pneumoniae,Penicillin,28.0,10.7
Slovakia,2014,Streptococcus pneumoniae,Penicillin,29.0,20.7
Slovenia,2010,Streptococcus pneumoniae,Penicillin,232.0,15.5
Slovenia,2011,Streptococcus pneumoniae,Penicillin,253.0,12.3
Slovenia,2012,Streptococcus pneumoniae,Penicillin,251.0,10.0
Slovenia,2013,Streptococcus pneumoniae,Penicillin,279.0,7.9
Slovenia,2014,Streptococcus pneumoniae,Penicillin,300.0,9.7
Spain,2010,Streptococcus pneumoniae,Penicillin,862.0,29.8
Spain,2011,Streptococcus pneumoniae,Penicillin,736.0,30.2
Spain,2012,Streptococcus pneumoniae,Penicillin,604.0,27.0
Spain,2013,Streptococcus pneumoniae,Penicillin,569.0,27.6
Spain,2014,Streptococcus pneumoniae,Penicillin,551.0,27.9
Sweden,2010,Streptococcus pneumoniae,Penicillin,960.0,3.8
Sweden,2011,Streptococcus pneumoniae,Penicillin,1193.0,4.1
Sweden,2012,Streptococcus pneumoniae,Penicillin,1030.0,5.0
Sweden,2013,Streptococcus pneumoniae,Penicillin,696.0,6.8
Sweden,2014,Streptococcus pneumoniae,Penicillin,696.0,7.9
United Kingdom,2010,Streptococcus pneumoniae,Penicillin,1336.0,3.1
United Kingdom,2011,Streptococcus pneumoniae,Penicillin,1324.0,5.4
United Kingdom,2012,Streptococcus pneumoniae,Penicillin,1153.0,4.9
United Kingdom,2013,Streptococcus pneumoniae,Penicillin,1207.0,4.9
United Kingdom,2014,Streptococcus pneumoniae,Penicillin,1288.0,5.1
